{
  "type": "FeatureCollection",
  "features": [
    {
      "type": "Feature",
      "geometry": {
        "type": "Point",
        "coordinates": [
          -53.548162,
          -20.347363
        ]
      },
      "properties": {
        "UP": "C1AA",
        "FAZENDA": "SAGRADA FAMILIA (I)",
        "AREA_HA": 72.484299,
        "NUCLEO": "CS1"
      }
    },
    {
      "type": "Feature",
      "geometry": {
        "type": "Point",
        "coordinates": [
          -53.697964,
          -20.472653
        ]
      },
      "properties": {
        "UP": "C1AB",
        "FAZENDA": "CHACARA INVEJADO (I)",
        "AREA_HA": 191.556034,
        "NUCLEO": "CS1"
      }
    },
    {
      "type": "Feature",
      "geometry": {
        "type": "Point",
        "coordinates": [
          -53.557801,
          -20.343833
        ]
      },
      "properties": {
        "UP": "C1AC",
        "FAZENDA": "KLEBER (I)",
        "AREA_HA": 282.150942,
        "NUCLEO": "CS1"
      }
    },
    {
      "type": "Feature",
      "geometry": {
        "type": "Point",
        "coordinates": [
          -53.763437,
          -20.100274
        ]
      },
      "properties": {
        "UP": "C1AD",
        "FAZENDA": "ACAPU (I)",
        "AREA_HA": 345.245698,
        "NUCLEO": "CS1"
      }
    },
    {
      "type": "Feature",
      "geometry": {
        "type": "Point",
        "coordinates": [
          -53.839955,
          -20.347236
        ]
      },
      "properties": {
        "UP": "C1AE",
        "FAZENDA": "ESPINGARDA - MATEIRA (I)",
        "AREA_HA": 636.906022,
        "NUCLEO": "CS1"
      }
    },
    {
      "type": "Feature",
      "geometry": {
        "type": "Point",
        "coordinates": [
          -53.216439,
          -20.397572
        ]
      },
      "properties": {
        "UP": "C1AF",
        "FAZENDA": "BOM JARDIM (I)",
        "AREA_HA": 689.636318,
        "NUCLEO": "CS1"
      }
    },
    {
      "type": "Feature",
      "geometry": {
        "type": "Point",
        "coordinates": [
          -53.531191,
          -20.333386
        ]
      },
      "properties": {
        "UP": "C1AG",
        "FAZENDA": "ESPINGARDA II (I)",
        "AREA_HA": 902.915206,
        "NUCLEO": "CS1"
      }
    },
    {
      "type": "Feature",
      "geometry": {
        "type": "Point",
        "coordinates": [
          -53.676919,
          -20.190839
        ]
      },
      "properties": {
        "UP": "C1AH",
        "FAZENDA": "LEOPOLDINA (I)",
        "AREA_HA": 1751.972828,
        "NUCLEO": "CS1"
      }
    },
    {
      "type": "Feature",
      "geometry": {
        "type": "Point",
        "coordinates": [
          -53.532169,
          -20.17497
        ]
      },
      "properties": {
        "UP": "C1AI",
        "FAZENDA": "SANTA CLARA (I)",
        "AREA_HA": 2250.899848,
        "NUCLEO": "CS1"
      }
    },
    {
      "type": "Feature",
      "geometry": {
        "type": "Point",
        "coordinates": [
          -53.719754,
          -20.114111
        ]
      },
      "properties": {
        "UP": "C1AJ",
        "FAZENDA": "IPYTÁ (I)",
        "AREA_HA": 2321.859669,
        "NUCLEO": "CS1"
      }
    },
    {
      "type": "Feature",
      "geometry": {
        "type": "Point",
        "coordinates": [
          -53.746911,
          -20.135378
        ]
      },
      "properties": {
        "UP": "C1AK",
        "FAZENDA": "IPUÃ (I)",
        "AREA_HA": 2414.215212,
        "NUCLEO": "CS1"
      }
    },
    {
      "type": "Feature",
      "geometry": {
        "type": "Point",
        "coordinates": [
          -53.687967,
          -20.155111
        ]
      },
      "properties": {
        "UP": "C1AL",
        "FAZENDA": "SÃO MIGUEL (I)",
        "AREA_HA": 2442.605033,
        "NUCLEO": "CS1"
      }
    },
    {
      "type": "Feature",
      "geometry": {
        "type": "Point",
        "coordinates": [
          -53.674848,
          -20.229998
        ]
      },
      "properties": {
        "UP": "C1AM",
        "FAZENDA": "LCD (I)",
        "AREA_HA": 2574.161792,
        "NUCLEO": "CS1"
      }
    },
    {
      "type": "Feature",
      "geometry": {
        "type": "Point",
        "coordinates": [
          -53.629708,
          -20.184955
        ]
      },
      "properties": {
        "UP": "C1AN",
        "FAZENDA": "SÃO CARLOS (I)",
        "AREA_HA": 4088.483114,
        "NUCLEO": "CS1"
      }
    },
    {
      "type": "Feature",
      "geometry": {
        "type": "Point",
        "coordinates": [
          -53.655118,
          -20.388595
        ]
      },
      "properties": {
        "UP": "C1AO",
        "FAZENDA": "ESPINGARDA - MAMPEI (I)",
        "AREA_HA": 5293.210404,
        "NUCLEO": "CS1"
      }
    },
    {
      "type": "Feature",
      "geometry": {
        "type": "Point",
        "coordinates": [
          -53.567089,
          -20.442891
        ]
      },
      "properties": {
        "UP": "C1AP",
        "FAZENDA": "BOI PRETO (I)",
        "AREA_HA": 17460.57606,
        "NUCLEO": "CS1"
      }
    },
    {
      "type": "Feature",
      "geometry": {
        "type": "Point",
        "coordinates": [
          -53.573179,
          -20.040791
        ]
      },
      "properties": {
        "UP": "C1AS",
        "FAZENDA": "GUARANI (I)",
        "AREA_HA": 2756.213646,
        "NUCLEO": "CS1"
      }
    },
    {
      "type": "Feature",
      "geometry": {
        "type": "Point",
        "coordinates": [
          -53.644462,
          -20.057486
        ]
      },
      "properties": {
        "UP": "C1AT",
        "FAZENDA": "GRANOL -  MODELO I (I)",
        "AREA_HA": 2616.615422,
        "NUCLEO": "CS1"
      }
    },
    {
      "type": "Feature",
      "geometry": {
        "type": "Point",
        "coordinates": [
          -53.395751,
          -20.165526
        ]
      },
      "properties": {
        "UP": "C1AU",
        "FAZENDA": "RETIRO BELO HORIZONTE (I)",
        "AREA_HA": 1256.332701,
        "NUCLEO": "CS1"
      }
    },
    {
      "type": "Feature",
      "geometry": {
        "type": "Point",
        "coordinates": [
          -53.565128,
          -20.27931
        ]
      },
      "properties": {
        "UP": "C1AV",
        "FAZENDA": "AURORA (I)",
        "AREA_HA": 845.419369,
        "NUCLEO": "CS1"
      }
    },
    {
      "type": "Feature",
      "geometry": {
        "type": "Point",
        "coordinates": [
          -53.553941,
          -20.312304
        ]
      },
      "properties": {
        "UP": "C1AW",
        "FAZENDA": "RAINHA DA PAZ (I)",
        "AREA_HA": 2005.619908,
        "NUCLEO": "CS1"
      }
    },
    {
      "type": "Feature",
      "geometry": {
        "type": "Point",
        "coordinates": [
          -53.521304,
          -20.379295
        ]
      },
      "properties": {
        "UP": "C1AX",
        "FAZENDA": "LAGEADO (I)",
        "AREA_HA": 1148.749816,
        "NUCLEO": "CS1"
      }
    },
    {
      "type": "Feature",
      "geometry": {
        "type": "Point",
        "coordinates": [
          -53.543056,
          -20.392712
        ]
      },
      "properties": {
        "UP": "C1AY",
        "FAZENDA": "BOM PASTOR (I)",
        "AREA_HA": 125.882307,
        "NUCLEO": "CS1"
      }
    },
    {
      "type": "Feature",
      "geometry": {
        "type": "Point",
        "coordinates": [
          -53.223759,
          -20.428441
        ]
      },
      "properties": {
        "UP": "C1AZ",
        "FAZENDA": "LAGOA COMPRIDA (I)",
        "AREA_HA": 1075.2468,
        "NUCLEO": "CS1"
      }
    },
    {
      "type": "Feature",
      "geometry": {
        "type": "Point",
        "coordinates": [
          -53.55698,
          -20.167133
        ]
      },
      "properties": {
        "UP": "C1BA",
        "FAZENDA": "CAMPO LIMPO (I)",
        "AREA_HA": 1931.160946,
        "NUCLEO": "CS1"
      }
    },
    {
      "type": "Feature",
      "geometry": {
        "type": "Point",
        "coordinates": [
          -53.698512,
          -20.492593
        ]
      },
      "properties": {
        "UP": "C1BB",
        "FAZENDA": "CHACRINHAS BONANZA (I)",
        "AREA_HA": 48.18207,
        "NUCLEO": "CS1"
      }
    },
    {
      "type": "Feature",
      "geometry": {
        "type": "Point",
        "coordinates": [
          -53.650606,
          -19.950601
        ]
      },
      "properties": {
        "UP": "C1BC",
        "FAZENDA": "PENA ROJA (I)",
        "AREA_HA": 6471.689525,
        "NUCLEO": "CS1"
      }
    },
    {
      "type": "Feature",
      "geometry": {
        "type": "Point",
        "coordinates": [
          -53.573343,
          -20.008953
        ]
      },
      "properties": {
        "UP": "C1BD",
        "FAZENDA": "LALUVI (I)",
        "AREA_HA": 633.563508,
        "NUCLEO": "CS1"
      }
    },
    {
      "type": "Feature",
      "geometry": {
        "type": "Point",
        "coordinates": [
          -53.482994,
          -20.147998
        ]
      },
      "properties": {
        "UP": "C1BG",
        "FAZENDA": "ARARAS",
        "AREA_HA": 1419.406038,
        "NUCLEO": "CS1"
      }
    },
    {
      "type": "Feature",
      "geometry": {
        "type": "Point",
        "coordinates": [
          -53.682403,
          -20.103683
        ]
      },
      "properties": {
        "UP": "C1BH",
        "FAZENDA": "BELA VISTA",
        "AREA_HA": 1387.710485,
        "NUCLEO": "CS1"
      }
    },
    {
      "type": "Feature",
      "geometry": {
        "type": "Point",
        "coordinates": [
          -53.221157,
          -20.383411
        ]
      },
      "properties": {
        "UP": "C1BI",
        "FAZENDA": "SANTO ANTONIO",
        "AREA_HA": 677.579857,
        "NUCLEO": "CS1"
      }
    },
    {
      "type": "Feature",
      "geometry": {
        "type": "Point",
        "coordinates": [
          -53.16867,
          -20.388843
        ]
      },
      "properties": {
        "UP": "C1BJ",
        "FAZENDA": "SAO PEDRO",
        "AREA_HA": 777.16774,
        "NUCLEO": "CS1"
      }
    },
    {
      "type": "Feature",
      "geometry": {
        "type": "Point",
        "coordinates": [
          -53.705748,
          -20.519448
        ]
      },
      "properties": {
        "UP": "C1BK",
        "FAZENDA": "RECANTO PASSARA",
        "AREA_HA": 136.585105,
        "NUCLEO": "CS1"
      }
    },
    {
      "type": "Feature",
      "geometry": {
        "type": "Point",
        "coordinates": [
          -53.702868,
          -20.091671
        ]
      },
      "properties": {
        "UP": "C1BL",
        "FAZENDA": "FORTUNA",
        "AREA_HA": 735.609018,
        "NUCLEO": "CS1"
      }
    },
    {
      "type": "Feature",
      "geometry": {
        "type": "Point",
        "coordinates": [
          -52.803863,
          -20.50918
        ]
      },
      "properties": {
        "UP": "C1BM",
        "FAZENDA": "EMA  (F-H099 )",
        "AREA_HA": 2606.849475,
        "NUCLEO": "CS1"
      }
    },
    {
      "type": "Feature",
      "geometry": {
        "type": "Point",
        "coordinates": [
          -52.769995,
          -20.457761
        ]
      },
      "properties": {
        "UP": "C1BN",
        "FAZENDA": "MAJOR VICENTE  (F-H135 )",
        "AREA_HA": 1037.294296,
        "NUCLEO": "CS1"
      }
    },
    {
      "type": "Feature",
      "geometry": {
        "type": "Point",
        "coordinates": [
          -52.680705,
          -20.142623
        ]
      },
      "properties": {
        "UP": "C1BO",
        "FAZENDA": "ANA ROSA  (F-H011 )",
        "AREA_HA": 1810.502302,
        "NUCLEO": "CS1"
      }
    },
    {
      "type": "Feature",
      "geometry": {
        "type": "Point",
        "coordinates": [
          -53.077231,
          -20.422817
        ]
      },
      "properties": {
        "UP": "C1BP",
        "FAZENDA": "FORMOSO  (F-H098 )",
        "AREA_HA": 3287.907204,
        "NUCLEO": "CS1"
      }
    },
    {
      "type": "Feature",
      "geometry": {
        "type": "Point",
        "coordinates": [
          -52.983778,
          -20.417678
        ]
      },
      "properties": {
        "UP": "C1BQ",
        "FAZENDA": "SANTA CLARA  (F-H136 )",
        "AREA_HA": 1537.283363,
        "NUCLEO": "CS1"
      }
    },
    {
      "type": "Feature",
      "geometry": {
        "type": "Point",
        "coordinates": [
          -53.175342,
          -20.187358
        ]
      },
      "properties": {
        "UP": "C1BR",
        "FAZENDA": "FORMOSA  (F-H156 )",
        "AREA_HA": 21902.65171,
        "NUCLEO": "CS1"
      }
    },
    {
      "type": "Feature",
      "geometry": {
        "type": "Point",
        "coordinates": [
          -53.594424,
          -20.559333
        ]
      },
      "properties": {
        "UP": "C1BV",
        "FAZENDA": "VITÓRIA",
        "AREA_HA": 353.552085,
        "NUCLEO": "CS1"
      }
    },
    {
      "type": "Feature",
      "geometry": {
        "type": "Point",
        "coordinates": [
          -52.947675,
          -20.44532
        ]
      },
      "properties": {
        "UP": "C1CA",
        "FAZENDA": "RANCHO FUNDO",
        "AREA_HA": 1310.930107,
        "NUCLEO": "CS1"
      }
    },
    {
      "type": "Feature",
      "geometry": {
        "type": "Point",
        "coordinates": [
          -53.670279,
          -20.073562
        ]
      },
      "properties": {
        "UP": "C1CB",
        "FAZENDA": "SANTINA",
        "AREA_HA": 1892.310349,
        "NUCLEO": "CS1"
      }
    },
    {
      "type": "Feature",
      "geometry": {
        "type": "Point",
        "coordinates": [
          -53.815882,
          -19.99622
        ]
      },
      "properties": {
        "UP": "C1CC",
        "FAZENDA": "SANTO ANTÔNIO",
        "AREA_HA": 2209.168917,
        "NUCLEO": "CS1"
      }
    },
    {
      "type": "Feature",
      "geometry": {
        "type": "Point",
        "coordinates": [
          -53.426346,
          -19.990593
        ]
      },
      "properties": {
        "UP": "C1CE",
        "FAZENDA": "SÃO SEBASTIÃO",
        "AREA_HA": 1492.062198,
        "NUCLEO": "CS1"
      }
    },
    {
      "type": "Feature",
      "geometry": {
        "type": "Point",
        "coordinates": [
          -53.705359,
          -20.062258
        ]
      },
      "properties": {
        "UP": "C1CF",
        "FAZENDA": "VÓ CECÍLIA",
        "AREA_HA": 340.144076,
        "NUCLEO": "CS1"
      }
    },
    {
      "type": "Feature",
      "geometry": {
        "type": "Point",
        "coordinates": [
          -53.367043,
          -19.99099
        ]
      },
      "properties": {
        "UP": "C1CG",
        "FAZENDA": "OSWALDO CRUZ",
        "AREA_HA": 1267.40347,
        "NUCLEO": "CS1"
      }
    },
    {
      "type": "Feature",
      "geometry": {
        "type": "Point",
        "coordinates": [
          -53.721038,
          -20.527839
        ]
      },
      "properties": {
        "UP": "C1CH",
        "FAZENDA": "RECANTO DOS PÁSSAROS",
        "AREA_HA": 150.722596,
        "NUCLEO": "CS1"
      }
    },
    {
      "type": "Feature",
      "geometry": {
        "type": "Point",
        "coordinates": [
          -53.500284,
          -20.119187
        ]
      },
      "properties": {
        "UP": "C1CI",
        "FAZENDA": "CHAVE DE OURO",
        "AREA_HA": 2824.994272,
        "NUCLEO": "CS1"
      }
    },
    {
      "type": "Feature",
      "geometry": {
        "type": "Point",
        "coordinates": [
          -53.732499,
          -20.397359
        ]
      },
      "properties": {
        "UP": "C1CJ",
        "FAZENDA": "SETE MARIAS",
        "AREA_HA": 1944.849069,
        "NUCLEO": "CS1"
      }
    },
    {
      "type": "Feature",
      "geometry": {
        "type": "Point",
        "coordinates": [
          -53.520768,
          -20.525427
        ]
      },
      "properties": {
        "UP": "C1CK",
        "FAZENDA": "SANTO ANTONIO VI",
        "AREA_HA": 1358.484661,
        "NUCLEO": "CS1"
      }
    },
    {
      "type": "Feature",
      "geometry": {
        "type": "Point",
        "coordinates": [
          -53.598999,
          -20.514192
        ]
      },
      "properties": {
        "UP": "C1CL",
        "FAZENDA": "SOL NASCENTE",
        "AREA_HA": 850.509429,
        "NUCLEO": "CS1"
      }
    },
    {
      "type": "Feature",
      "geometry": {
        "type": "Point",
        "coordinates": [
          -53.918036,
          -19.744811
        ]
      },
      "properties": {
        "UP": "C1CM",
        "FAZENDA": "ONÇA PINTADA",
        "AREA_HA": 4038.22658,
        "NUCLEO": "CS1"
      }
    },
    {
      "type": "Feature",
      "geometry": {
        "type": "Point",
        "coordinates": [
          -53.858274,
          -20.162776
        ]
      },
      "properties": {
        "UP": "C1CN",
        "FAZENDA": "SANTA LUCIA II",
        "AREA_HA": 608.723899,
        "NUCLEO": "CS1"
      }
    },
    {
      "type": "Feature",
      "geometry": {
        "type": "Point",
        "coordinates": [
          -53.846192,
          -20.190316
        ]
      },
      "properties": {
        "UP": "C1CO",
        "FAZENDA": "NATIVA",
        "AREA_HA": 425.27811,
        "NUCLEO": "CS1"
      }
    },
    {
      "type": "Feature",
      "geometry": {
        "type": "Point",
        "coordinates": [
          -53.527787,
          -19.93116
        ]
      },
      "properties": {
        "UP": "C1CP",
        "FAZENDA": "MONTANA",
        "AREA_HA": 6472.472098,
        "NUCLEO": "CS1"
      }
    },
    {
      "type": "Feature",
      "geometry": {
        "type": "Point",
        "coordinates": [
          -52.750112,
          -20.457527
        ]
      },
      "properties": {
        "UP": "C1CQ",
        "FAZENDA": "VÓ MADALENA",
        "AREA_HA": 230.953941,
        "NUCLEO": "CS1"
      }
    },
    {
      "type": "Feature",
      "geometry": {
        "type": "Point",
        "coordinates": [
          -53.696787,
          -20.262685
        ]
      },
      "properties": {
        "UP": "C1CR",
        "FAZENDA": "TRÊS MARRECAS",
        "AREA_HA": 972.820691,
        "NUCLEO": "CS1"
      }
    },
    {
      "type": "Feature",
      "geometry": {
        "type": "Point",
        "coordinates": [
          -53.819058,
          -20.067283
        ]
      },
      "properties": {
        "UP": "C1CS",
        "FAZENDA": "TOCA DA ONÇA",
        "AREA_HA": 435.65622,
        "NUCLEO": "CS1"
      }
    },
    {
      "type": "Feature",
      "geometry": {
        "type": "Point",
        "coordinates": [
          -53.863555,
          -19.864788
        ]
      },
      "properties": {
        "UP": "C1CT",
        "FAZENDA": "LIMÃO",
        "AREA_HA": 1086.756354,
        "NUCLEO": "CS1"
      }
    },
    {
      "type": "Feature",
      "geometry": {
        "type": "Point",
        "coordinates": [
          -53.432369,
          -19.897351
        ]
      },
      "properties": {
        "UP": "C1CU",
        "FAZENDA": "RANCHO FUNDO III",
        "AREA_HA": 405.105023,
        "NUCLEO": "CS1"
      }
    },
    {
      "type": "Feature",
      "geometry": {
        "type": "Point",
        "coordinates": [
          -53.510499,
          -20.509722
        ]
      },
      "properties": {
        "UP": "C1CV",
        "FAZENDA": "2R",
        "AREA_HA": 84.017391,
        "NUCLEO": "CS1"
      }
    },
    {
      "type": "Feature",
      "geometry": {
        "type": "Point",
        "coordinates": [
          -53.547357,
          -20.548348
        ]
      },
      "properties": {
        "UP": "C1CW",
        "FAZENDA": "SANTA ROSA VI",
        "AREA_HA": 841.277745,
        "NUCLEO": "CS1"
      }
    },
    {
      "type": "Feature",
      "geometry": {
        "type": "Point",
        "coordinates": [
          -53.845814,
          -19.892976
        ]
      },
      "properties": {
        "UP": "C1CX",
        "FAZENDA": "BARREIRO",
        "AREA_HA": 1788.569748,
        "NUCLEO": "CS1"
      }
    },
    {
      "type": "Feature",
      "geometry": {
        "type": "Point",
        "coordinates": [
          -53.622196,
          -20.030297
        ]
      },
      "properties": {
        "UP": "C1CY",
        "FAZENDA": "ARROZ QUEIMADO",
        "AREA_HA": 659.494419,
        "NUCLEO": "CS1"
      }
    },
    {
      "type": "Feature",
      "geometry": {
        "type": "Point",
        "coordinates": [
          -53.534658,
          -20.26122
        ]
      },
      "properties": {
        "UP": "C1CZ",
        "FAZENDA": "BURITI IV",
        "AREA_HA": 1039.955719,
        "NUCLEO": "CS1"
      }
    },
    {
      "type": "Feature",
      "geometry": {
        "type": "Point",
        "coordinates": [
          -53.246782,
          -20.360153
        ]
      },
      "properties": {
        "UP": "C1DA",
        "FAZENDA": "LAGEADO II",
        "AREA_HA": 957.841475,
        "NUCLEO": "CS1"
      }
    },
    {
      "type": "Feature",
      "geometry": {
        "type": "Point",
        "coordinates": [
          -53.421847,
          -20.34187
        ]
      },
      "properties": {
        "UP": "C1DB",
        "FAZENDA": "BONANZA",
        "AREA_HA": 3649.172438,
        "NUCLEO": "CS1"
      }
    },
    {
      "type": "Feature",
      "geometry": {
        "type": "Point",
        "coordinates": [
          -53.600942,
          -20.375913
        ]
      },
      "properties": {
        "UP": "C1DE",
        "FAZENDA": "ALTO MANTENA",
        "AREA_HA": 940.100899,
        "NUCLEO": "CS1"
      }
    },
    {
      "type": "Feature",
      "geometry": {
        "type": "Point",
        "coordinates": [
          -53.704653,
          -20.508762
        ]
      },
      "properties": {
        "UP": "C1DF",
        "FAZENDA": "SÍTIO SANTO ANTÔNIO II",
        "AREA_HA": 64.026127,
        "NUCLEO": "CS1"
      }
    },
    {
      "type": "Feature",
      "geometry": {
        "type": "Point",
        "coordinates": [
          -53.803335,
          -20.105654
        ]
      },
      "properties": {
        "UP": "C1DG",
        "FAZENDA": "MARACATU",
        "AREA_HA": 2404.458989,
        "NUCLEO": "CS1"
      }
    },
    {
      "type": "Feature",
      "geometry": {
        "type": "Point",
        "coordinates": [
          -53.331043,
          -20.149464
        ]
      },
      "properties": {
        "UP": "C1DH",
        "FAZENDA": "LAJEADO II",
        "AREA_HA": 2353.328724,
        "NUCLEO": "CS1"
      }
    },
    {
      "type": "Feature",
      "geometry": {
        "type": "Point",
        "coordinates": [
          -53.76598,
          -19.995176
        ]
      },
      "properties": {
        "UP": "C1DI",
        "FAZENDA": "SANTA REGINA",
        "AREA_HA": 1469.584071,
        "NUCLEO": "CS1"
      }
    },
    {
      "type": "Feature",
      "geometry": {
        "type": "Point",
        "coordinates": [
          -53.535004,
          -19.99679
        ]
      },
      "properties": {
        "UP": "C1DK",
        "FAZENDA": "JAIC I",
        "AREA_HA": 876.311815,
        "NUCLEO": "CS1"
      }
    },
    {
      "type": "Feature",
      "geometry": {
        "type": "Point",
        "coordinates": [
          -53.602563,
          -19.964858
        ]
      },
      "properties": {
        "UP": "C1DL",
        "FAZENDA": "SANTA MARIA X",
        "AREA_HA": 1071.082573,
        "NUCLEO": "CS1"
      }
    },
    {
      "type": "Feature",
      "geometry": {
        "type": "Point",
        "coordinates": [
          -53.015764,
          -20.770418
        ]
      },
      "properties": {
        "UP": "C1DM",
        "FAZENDA": "SANTA MARTA",
        "AREA_HA": 484.104886,
        "NUCLEO": "CS1"
      }
    },
    {
      "type": "Feature",
      "geometry": {
        "type": "Point",
        "coordinates": [
          -52.735177,
          -20.462562
        ]
      },
      "properties": {
        "UP": "C1DN",
        "FAZENDA": "SÃO JUDAS TADEU II",
        "AREA_HA": 741.049463,
        "NUCLEO": "CS1"
      }
    },
    {
      "type": "Feature",
      "geometry": {
        "type": "Point",
        "coordinates": [
          -53.392932,
          -20.086867
        ]
      },
      "properties": {
        "UP": "C1DO",
        "FAZENDA": "CABECEIRA COMPRIDA-NOSSA SRA FATIMA",
        "AREA_HA": 4746.242117,
        "NUCLEO": "CS1"
      }
    },
    {
      "type": "Feature",
      "geometry": {
        "type": "Point",
        "coordinates": [
          -52.878926,
          -20.149682
        ]
      },
      "properties": {
        "UP": "C1DP",
        "FAZENDA": "OLIVEIRA - IFI",
        "AREA_HA": 1238.710378,
        "NUCLEO": "CS1"
      }
    },
    {
      "type": "Feature",
      "geometry": {
        "type": "Point",
        "coordinates": [
          -52.854313,
          -20.213601
        ]
      },
      "properties": {
        "UP": "C1DQ",
        "FAZENDA": "JACARÉ",
        "AREA_HA": 774.772414,
        "NUCLEO": "CS1"
      }
    },
    {
      "type": "Feature",
      "geometry": {
        "type": "Point",
        "coordinates": [
          -53.730426,
          -20.519448
        ]
      },
      "properties": {
        "UP": "C1DR",
        "FAZENDA": "SÍTIO LILASES",
        "AREA_HA": 77.346048,
        "NUCLEO": "CS1"
      }
    },
    {
      "type": "Feature",
      "geometry": {
        "type": "Point",
        "coordinates": [
          -52.86364,
          -20.523138
        ]
      },
      "properties": {
        "UP": "C1DS",
        "FAZENDA": "BARRA DO LOBO E FERREIROS",
        "AREA_HA": 1012.058872,
        "NUCLEO": "CS1"
      }
    },
    {
      "type": "Feature",
      "geometry": {
        "type": "Point",
        "coordinates": [
          -53.384014,
          -20.436123
        ]
      },
      "properties": {
        "UP": "C1DT",
        "FAZENDA": "VÓ NADIR",
        "AREA_HA": 2252.975964,
        "NUCLEO": "CS1"
      }
    },
    {
      "type": "Feature",
      "geometry": {
        "type": "Point",
        "coordinates": [
          -53.792464,
          -19.938615
        ]
      },
      "properties": {
        "UP": "C1DU",
        "FAZENDA": "DOIS IRMÃOS II",
        "AREA_HA": 502.07445,
        "NUCLEO": "CS1"
      }
    },
    {
      "type": "Feature",
      "geometry": {
        "type": "Point",
        "coordinates": [
          -53.892039,
          -20.22885
        ]
      },
      "properties": {
        "UP": "C1DV",
        "FAZENDA": "SANTA CLARA III",
        "AREA_HA": 382.548112,
        "NUCLEO": "CS1"
      }
    },
    {
      "type": "Feature",
      "geometry": {
        "type": "Point",
        "coordinates": [
          -53.631354,
          -19.672709
        ]
      },
      "properties": {
        "UP": "C1DW",
        "FAZENDA": "LA AGUADA",
        "AREA_HA": 2409.95348,
        "NUCLEO": "CS1"
      }
    },
    {
      "type": "Feature",
      "geometry": {
        "type": "Point",
        "coordinates": [
          -53.706945,
          -19.810173
        ]
      },
      "properties": {
        "UP": "C1DX",
        "FAZENDA": "TODOS OS SANTOS",
        "AREA_HA": 2512.685072,
        "NUCLEO": "CS1"
      }
    },
    {
      "type": "Feature",
      "geometry": {
        "type": "Point",
        "coordinates": [
          -53.258793,
          -20.312371
        ]
      },
      "properties": {
        "UP": "C1DY",
        "FAZENDA": "BOA AGUADA",
        "AREA_HA": 5457.197342,
        "NUCLEO": "CS1"
      }
    },
    {
      "type": "Feature",
      "geometry": {
        "type": "Point",
        "coordinates": [
          -52.8601,
          -20.503094
        ]
      },
      "properties": {
        "UP": "C1DZ",
        "FAZENDA": "BARRADO LOBO E FERREIROS II",
        "AREA_HA": 1012.046155,
        "NUCLEO": "CS1"
      }
    },
    {
      "type": "Feature",
      "geometry": {
        "type": "Point",
        "coordinates": [
          -53.079994,
          -20.35851
        ]
      },
      "properties": {
        "UP": "C1EA",
        "FAZENDA": "LARANJAL",
        "AREA_HA": 828.561926,
        "NUCLEO": "CS1"
      }
    },
    {
      "type": "Feature",
      "geometry": {
        "type": "Point",
        "coordinates": [
          -53.550339,
          -20.084094
        ]
      },
      "properties": {
        "UP": "C1EB",
        "FAZENDA": "TUCANO",
        "AREA_HA": 3774.954475,
        "NUCLEO": "CS1"
      }
    },
    {
      "type": "Feature",
      "geometry": {
        "type": "Point",
        "coordinates": [
          -53.701268,
          -20.489654
        ]
      },
      "properties": {
        "UP": "C1EC",
        "FAZENDA": "INVEJANDO",
        "AREA_HA": 12.715409,
        "NUCLEO": "CS1"
      }
    },
    {
      "type": "Feature",
      "geometry": {
        "type": "Point",
        "coordinates": [
          -53.984356,
          -20.127483
        ]
      },
      "properties": {
        "UP": "C1ED",
        "FAZENDA": "ARATACA",
        "AREA_HA": 2469.998897,
        "NUCLEO": "CS1"
      }
    },
    {
      "type": "Feature",
      "geometry": {
        "type": "Point",
        "coordinates": [
          -53.537995,
          -20.524871
        ]
      },
      "properties": {
        "UP": "C1EE",
        "FAZENDA": "2R GLEBA 03",
        "AREA_HA": 96.810303,
        "NUCLEO": "CS1"
      }
    },
    {
      "type": "Feature",
      "geometry": {
        "type": "Point",
        "coordinates": [
          -53.598999,
          -20.014851
        ]
      },
      "properties": {
        "UP": "C1EF",
        "FAZENDA": "FLÓRIDA",
        "AREA_HA": 1583.231832,
        "NUCLEO": "CS1"
      }
    },
    {
      "type": "Feature",
      "geometry": {
        "type": "Point",
        "coordinates": [
          -53.495154,
          -20.514007
        ]
      },
      "properties": {
        "UP": "C1EG",
        "FAZENDA": "2R GLEBA 01",
        "AREA_HA": 153.125244,
        "NUCLEO": "CS1"
      }
    },
    {
      "type": "Feature",
      "geometry": {
        "type": "Point",
        "coordinates": [
          -53.094171,
          -20.383416
        ]
      },
      "properties": {
        "UP": "C1EH",
        "FAZENDA": "LARANJAL II",
        "AREA_HA": 1785.659708,
        "NUCLEO": "CS1"
      }
    },
    {
      "type": "Feature",
      "geometry": {
        "type": "Point",
        "coordinates": [
          -53.377795,
          -19.618289
        ]
      },
      "properties": {
        "UP": "C1EI",
        "FAZENDA": "SÃO JOÃO V",
        "AREA_HA": 6506.928674,
        "NUCLEO": "CS1"
      }
    },
    {
      "type": "Feature",
      "geometry": {
        "type": "Point",
        "coordinates": [
          -53.700406,
          -20.500834
        ]
      },
      "properties": {
        "UP": "C1EJ",
        "FAZENDA": "NIRVANA",
        "AREA_HA": 25.050351,
        "NUCLEO": "CS1"
      }
    },
    {
      "type": "Feature",
      "geometry": {
        "type": "Point",
        "coordinates": [
          -53.352712,
          -20.060056
        ]
      },
      "properties": {
        "UP": "C1EK",
        "FAZENDA": "FUTURA GLEBA  A",
        "AREA_HA": 618.202918,
        "NUCLEO": "CS1"
      }
    },
    {
      "type": "Feature",
      "geometry": {
        "type": "Point",
        "coordinates": [
          -53.522762,
          -20.052089
        ]
      },
      "properties": {
        "UP": "C1EL",
        "FAZENDA": "ARARAS II",
        "AREA_HA": 232.215719,
        "NUCLEO": "CS1"
      }
    },
    {
      "type": "Feature",
      "geometry": {
        "type": "Point",
        "coordinates": [
          -53.60295,
          -19.803517
        ]
      },
      "properties": {
        "UP": "C1EM",
        "FAZENDA": "SERENATA",
        "AREA_HA": 1496.136732,
        "NUCLEO": "CS1"
      }
    },
    {
      "type": "Feature",
      "geometry": {
        "type": "Point",
        "coordinates": [
          -53.385316,
          -19.931742
        ]
      },
      "properties": {
        "UP": "C1EN",
        "FAZENDA": "SANTA ANA",
        "AREA_HA": 1000.794102,
        "NUCLEO": "CS1"
      }
    },
    {
      "type": "Feature",
      "geometry": {
        "type": "Point",
        "coordinates": [
          -53.830578,
          -19.73174
        ]
      },
      "properties": {
        "UP": "C1EO",
        "FAZENDA": "CÓRREGO DO BRAÇO",
        "AREA_HA": 2158.223303,
        "NUCLEO": "CS1"
      }
    },
    {
      "type": "Feature",
      "geometry": {
        "type": "Point",
        "coordinates": [
          -53.831747,
          -20.299521
        ]
      },
      "properties": {
        "UP": "C1EP",
        "FAZENDA": "SANTA ROSA DO ALEGRIA",
        "AREA_HA": 755.24251,
        "NUCLEO": "CS1"
      }
    },
    {
      "type": "Feature",
      "geometry": {
        "type": "Point",
        "coordinates": [
          -53.57807,
          -20.11276
        ]
      },
      "properties": {
        "UP": "C1EQ",
        "FAZENDA": "TARUMÃ II",
        "AREA_HA": 1287.26547,
        "NUCLEO": "CS1"
      }
    },
    {
      "type": "Feature",
      "geometry": {
        "type": "Point",
        "coordinates": [
          -53.227073,
          -20.100984
        ]
      },
      "properties": {
        "UP": "C1ER",
        "FAZENDA": "SABATACHE",
        "AREA_HA": 3914.7553,
        "NUCLEO": "CS1"
      }
    },
    {
      "type": "Feature",
      "geometry": {
        "type": "Point",
        "coordinates": [
          -53.207068,
          -20.449138
        ]
      },
      "properties": {
        "UP": "C1ES",
        "FAZENDA": "LAGOA COMPRIDA II",
        "AREA_HA": 922.98285,
        "NUCLEO": "CS1"
      }
    },
    {
      "type": "Feature",
      "geometry": {
        "type": "Point",
        "coordinates": [
          -53.131656,
          -20.38232
        ]
      },
      "properties": {
        "UP": "C1ET",
        "FAZENDA": "JATAÍ",
        "AREA_HA": 678.472942,
        "NUCLEO": "CS1"
      }
    },
    {
      "type": "Feature",
      "geometry": {
        "type": "Point",
        "coordinates": [
          -53.570509,
          -20.14282
        ]
      },
      "properties": {
        "UP": "C1EU",
        "FAZENDA": "NELORE",
        "AREA_HA": 2723.059578,
        "NUCLEO": "CS1"
      }
    },
    {
      "type": "Feature",
      "geometry": {
        "type": "Point",
        "coordinates": [
          -53.474134,
          -19.999895
        ]
      },
      "properties": {
        "UP": "C1EV",
        "FAZENDA": "SOL NASCENTE II",
        "AREA_HA": 111.070691,
        "NUCLEO": "CS1"
      }
    },
    {
      "type": "Feature",
      "geometry": {
        "type": "Point",
        "coordinates": [
          -53.521812,
          -20.033884
        ]
      },
      "properties": {
        "UP": "C1EW",
        "FAZENDA": "GUAVIRA II",
        "AREA_HA": 105.152141,
        "NUCLEO": "CS1"
      }
    },
    {
      "type": "Feature",
      "geometry": {
        "type": "Point",
        "coordinates": [
          -53.884376,
          -20.129506
        ]
      },
      "properties": {
        "UP": "C1EX",
        "FAZENDA": "SERIEMA II",
        "AREA_HA": 312.094891,
        "NUCLEO": "CS1"
      }
    },
    {
      "type": "Feature",
      "geometry": {
        "type": "Point",
        "coordinates": [
          -53.623152,
          -20.496524
        ]
      },
      "properties": {
        "UP": "C1EY",
        "FAZENDA": "RIO PARDO",
        "AREA_HA": 115.292142,
        "NUCLEO": "CS1"
      }
    },
    {
      "type": "Feature",
      "geometry": {
        "type": "Point",
        "coordinates": [
          -53.666765,
          -19.827288
        ]
      },
      "properties": {
        "UP": "C1EZ",
        "FAZENDA": "CLODASIL",
        "AREA_HA": 6353.267533,
        "NUCLEO": "CS1"
      }
    },
    {
      "type": "Feature",
      "geometry": {
        "type": "Point",
        "coordinates": [
          -53.707004,
          -20.498865
        ]
      },
      "properties": {
        "UP": "C1GB",
        "FAZENDA": "COLÔNIA BARRINHA GERAL",
        "AREA_HA": 81.679977,
        "NUCLEO": "CS1"
      }
    },
    {
      "type": "Feature",
      "geometry": {
        "type": "Point",
        "coordinates": [
          -53.87585,
          -20.254931
        ]
      },
      "properties": {
        "UP": "C1GC",
        "FAZENDA": "RECREIO",
        "AREA_HA": 3289.679561,
        "NUCLEO": "CS1"
      }
    },
    {
      "type": "Feature",
      "geometry": {
        "type": "Point",
        "coordinates": [
          -53.522076,
          -20.03994
        ]
      },
      "properties": {
        "UP": "C1GD",
        "FAZENDA": "ESPIRITO SANTO",
        "AREA_HA": 107.356235,
        "NUCLEO": "CS1"
      }
    },
    {
      "type": "Feature",
      "geometry": {
        "type": "Point",
        "coordinates": [
          -53.719753,
          -20.424498
        ]
      },
      "properties": {
        "UP": "C1GE",
        "FAZENDA": "CAR29",
        "AREA_HA": 205.623275,
        "NUCLEO": "CS1"
      }
    },
    {
      "type": "Feature",
      "geometry": {
        "type": "Point",
        "coordinates": [
          -53.740871,
          -20.293308
        ]
      },
      "properties": {
        "UP": "C1GF",
        "FAZENDA": "ÁGUA VERDE",
        "AREA_HA": 315.357805,
        "NUCLEO": "CS1"
      }
    },
    {
      "type": "Feature",
      "geometry": {
        "type": "Point",
        "coordinates": [
          -53.739002,
          -19.839214
        ]
      },
      "properties": {
        "UP": "C1GG",
        "FAZENDA": "TODOS OS SANTOS II",
        "AREA_HA": 772.314836,
        "NUCLEO": "CS1"
      }
    },
    {
      "type": "Feature",
      "geometry": {
        "type": "Point",
        "coordinates": [
          -53.128531,
          -20.45461
        ]
      },
      "properties": {
        "UP": "C1GH",
        "FAZENDA": "PRIMAVERA IV",
        "AREA_HA": 610.759126,
        "NUCLEO": "CS1"
      }
    },
    {
      "type": "Feature",
      "geometry": {
        "type": "Point",
        "coordinates": [
          -53.567717,
          -20.546117
        ]
      },
      "properties": {
        "UP": "C1GI",
        "FAZENDA": "VARGEÃO",
        "AREA_HA": 598.487021,
        "NUCLEO": "CS1"
      }
    },
    {
      "type": "Feature",
      "geometry": {
        "type": "Point",
        "coordinates": [
          -53.689823,
          -20.367115
        ]
      },
      "properties": {
        "UP": "C1GJ",
        "FAZENDA": "CÓRREGO DO BUGRE",
        "AREA_HA": 1013.129285,
        "NUCLEO": "CS1"
      }
    },
    {
      "type": "Feature",
      "geometry": {
        "type": "Point",
        "coordinates": [
          -53.737857,
          -20.082897
        ]
      },
      "properties": {
        "UP": "C1GK",
        "FAZENDA": "VÓ CECÍLIA II",
        "AREA_HA": 796.536327,
        "NUCLEO": "CS1"
      }
    },
    {
      "type": "Feature",
      "geometry": {
        "type": "Point",
        "coordinates": [
          -53.344786,
          -20.033087
        ]
      },
      "properties": {
        "UP": "C1GM",
        "FAZENDA": "GOAÇU",
        "AREA_HA": 2970.567535,
        "NUCLEO": "CS1"
      }
    },
    {
      "type": "Feature",
      "geometry": {
        "type": "Point",
        "coordinates": [
          -53.891557,
          -20.305446
        ]
      },
      "properties": {
        "UP": "C1GN",
        "FAZENDA": "JARDIM",
        "AREA_HA": 291.200821,
        "NUCLEO": "CS1"
      }
    },
    {
      "type": "Feature",
      "geometry": {
        "type": "Point",
        "coordinates": [
          -53.870336,
          -20.286437
        ]
      },
      "properties": {
        "UP": "C1GO",
        "FAZENDA": "RIATA",
        "AREA_HA": 423.475675,
        "NUCLEO": "CS1"
      }
    },
    {
      "type": "Feature",
      "geometry": {
        "type": "Point",
        "coordinates": [
          -53.861155,
          -20.319355
        ]
      },
      "properties": {
        "UP": "C1GP",
        "FAZENDA": "SANTA ROSA VII",
        "AREA_HA": 1537.672857,
        "NUCLEO": "CS1"
      }
    },
    {
      "type": "Feature",
      "geometry": {
        "type": "Point",
        "coordinates": [
          -53.511479,
          -20.07658
        ]
      },
      "properties": {
        "UP": "C1GQ",
        "FAZENDA": "IRMÃO DA ESTRADA",
        "AREA_HA": 136.786913,
        "NUCLEO": "CS1"
      }
    },
    {
      "type": "Feature",
      "geometry": {
        "type": "Point",
        "coordinates": [
          -53.509083,
          -20.033692
        ]
      },
      "properties": {
        "UP": "C1GR",
        "FAZENDA": "SD PECUÁRIA",
        "AREA_HA": 236.67445,
        "NUCLEO": "CS1"
      }
    },
    {
      "type": "Feature",
      "geometry": {
        "type": "Point",
        "coordinates": [
          -53.518033,
          -20.061442
        ]
      },
      "properties": {
        "UP": "C1GS",
        "FAZENDA": "ARARAS III",
        "AREA_HA": 347.955269,
        "NUCLEO": "CS1"
      }
    },
    {
      "type": "Feature",
      "geometry": {
        "type": "Point",
        "coordinates": [
          -53.499686,
          -20.056789
        ]
      },
      "properties": {
        "UP": "C1GT",
        "FAZENDA": "MARIANA II",
        "AREA_HA": 280.249064,
        "NUCLEO": "CS1"
      }
    },
    {
      "type": "Feature",
      "geometry": {
        "type": "Point",
        "coordinates": [
          -53.506384,
          -20.047702
        ]
      },
      "properties": {
        "UP": "C1GU",
        "FAZENDA": "ARARAS IV",
        "AREA_HA": 116.731409,
        "NUCLEO": "CS1"
      }
    },
    {
      "type": "Feature",
      "geometry": {
        "type": "Point",
        "coordinates": [
          -53.495274,
          -20.040422
        ]
      },
      "properties": {
        "UP": "C1GV",
        "FAZENDA": "ARARAS V",
        "AREA_HA": 156.754796,
        "NUCLEO": "CS1"
      }
    },
    {
      "type": "Feature",
      "geometry": {
        "type": "Point",
        "coordinates": [
          -53.619598,
          -20.323471
        ]
      },
      "properties": {
        "UP": "C1GW",
        "FAZENDA": "COQUEIRO",
        "AREA_HA": 1454.997969,
        "NUCLEO": "CS1"
      }
    },
    {
      "type": "Feature",
      "geometry": {
        "type": "Point",
        "coordinates": [
          -53.407356,
          -20.384567
        ]
      },
      "properties": {
        "UP": "C1GX",
        "FAZENDA": "JARDIM II",
        "AREA_HA": 507.882016,
        "NUCLEO": "CS1"
      }
    },
    {
      "type": "Feature",
      "geometry": {
        "type": "Point",
        "coordinates": [
          -52.599063,
          -20.169772
        ]
      },
      "properties": {
        "UP": "C1GY",
        "FAZENDA": "FAXINAL",
        "AREA_HA": 4665.583875,
        "NUCLEO": "CS1"
      }
    },
    {
      "type": "Feature",
      "geometry": {
        "type": "Point",
        "coordinates": [
          -53.415726,
          -20.180263
        ]
      },
      "properties": {
        "UP": "C1GZ",
        "FAZENDA": "SANTO ONOFRE",
        "AREA_HA": 1055.268275,
        "NUCLEO": "CS1"
      }
    },
    {
      "type": "Feature",
      "geometry": {
        "type": "Point",
        "coordinates": [
          -53.471569,
          -20.395027
        ]
      },
      "properties": {
        "UP": "C1JA",
        "FAZENDA": "SANTA TEREZA II",
        "AREA_HA": 712.15706,
        "NUCLEO": "CS1"
      }
    },
    {
      "type": "Feature",
      "geometry": {
        "type": "Point",
        "coordinates": [
          -53.79757,
          -20.145109
        ]
      },
      "properties": {
        "UP": "C1JB",
        "FAZENDA": "BOM SUCESSO II",
        "AREA_HA": 1606.745212,
        "NUCLEO": "CS1"
      }
    },
    {
      "type": "Feature",
      "geometry": {
        "type": "Point",
        "coordinates": [
          -53.501143,
          -20.078128
        ]
      },
      "properties": {
        "UP": "C1JC",
        "FAZENDA": "SÃO JORGE II",
        "AREA_HA": 442.950826,
        "NUCLEO": "CS1"
      }
    },
    {
      "type": "Feature",
      "geometry": {
        "type": "Point",
        "coordinates": [
          -53.722633,
          -20.361333
        ]
      },
      "properties": {
        "UP": "C1JD",
        "FAZENDA": "CÓRREGO DO BUGRE II",
        "AREA_HA": 1585.004452,
        "NUCLEO": "CS1"
      }
    },
    {
      "type": "Feature",
      "geometry": {
        "type": "Point",
        "coordinates": [
          -52.870946,
          -20.183346
        ]
      },
      "properties": {
        "UP": "C1JF",
        "FAZENDA": "GUARANI II",
        "AREA_HA": 2312.286613,
        "NUCLEO": "CS1"
      }
    },
    {
      "type": "Feature",
      "geometry": {
        "type": "Point",
        "coordinates": [
          -53.945091,
          -20.137227
        ]
      },
      "properties": {
        "UP": "C1JG",
        "FAZENDA": "EUROPA",
        "AREA_HA": 3329.468381,
        "NUCLEO": "CS1"
      }
    },
    {
      "type": "Feature",
      "geometry": {
        "type": "Point",
        "coordinates": [
          -52.896222,
          -20.119303
        ]
      },
      "properties": {
        "UP": "C1JH",
        "FAZENDA": "NOSSA SENHORA APARECIDA IX",
        "AREA_HA": 779.376669,
        "NUCLEO": "CS1"
      }
    },
    {
      "type": "Feature",
      "geometry": {
        "type": "Point",
        "coordinates": [
          -52.757666,
          -20.528034
        ]
      },
      "properties": {
        "UP": "C1JI",
        "FAZENDA": "UNIÃO II",
        "AREA_HA": 4702.752541,
        "NUCLEO": "CS1"
      }
    },
    {
      "type": "Feature",
      "geometry": {
        "type": "Point",
        "coordinates": [
          -53.144551,
          -20.474615
        ]
      },
      "properties": {
        "UP": "C1JJ",
        "FAZENDA": "CONQUISTA IV",
        "AREA_HA": 961.545717,
        "NUCLEO": "CS1"
      }
    },
    {
      "type": "Feature",
      "geometry": {
        "type": "Point",
        "coordinates": [
          -53.45356,
          -20.147571
        ]
      },
      "properties": {
        "UP": "C1JK",
        "FAZENDA": "CABECEIRA FUNDA",
        "AREA_HA": 2168.506691,
        "NUCLEO": "CS1"
      }
    },
    {
      "type": "Feature",
      "geometry": {
        "type": "Point",
        "coordinates": [
          -53.966254,
          -20.062524
        ]
      },
      "properties": {
        "UP": "C1JM",
        "FAZENDA": "ITACURU",
        "AREA_HA": 2654.126131,
        "NUCLEO": "CS1"
      }
    },
    {
      "type": "Feature",
      "geometry": {
        "type": "Point",
        "coordinates": [
          -53.439947,
          -20.046804
        ]
      },
      "properties": {
        "UP": "C1JN",
        "FAZENDA": "VERDE MAR II",
        "AREA_HA": 9604.574407,
        "NUCLEO": "CS1"
      }
    },
    {
      "type": "Feature",
      "geometry": {
        "type": "Point",
        "coordinates": [
          -53.916878,
          -20.067916
        ]
      },
      "properties": {
        "UP": "C1JP",
        "FAZENDA": "ITAPORÃ",
        "AREA_HA": 4845.603304,
        "NUCLEO": "CS1"
      }
    },
    {
      "type": "Feature",
      "geometry": {
        "type": "Point",
        "coordinates": [
          -52.539274,
          -20.174181
        ]
      },
      "properties": {
        "UP": "C1JQ",
        "FAZENDA": "SANTO ANTÔNIO DO MONTE ALEGRE",
        "AREA_HA": 3490.47657,
        "NUCLEO": "CS1"
      }
    },
    {
      "type": "Feature",
      "geometry": {
        "type": "Point",
        "coordinates": [
          -52.832515,
          -20.149782
        ]
      },
      "properties": {
        "UP": "C1JR",
        "FAZENDA": "VERDE MAR",
        "AREA_HA": 7790.035998,
        "NUCLEO": "CS1"
      }
    },
    {
      "type": "Feature",
      "geometry": {
        "type": "Point",
        "coordinates": [
          -53.936595,
          -20.305088
        ]
      },
      "properties": {
        "UP": "C1JT",
        "FAZENDA": "RECANTO DAS EMAS",
        "AREA_HA": 252.97564,
        "NUCLEO": "CS1"
      }
    },
    {
      "type": "Feature",
      "geometry": {
        "type": "Point",
        "coordinates": [
          -53.050359,
          -20.480125
        ]
      },
      "properties": {
        "UP": "C1JU",
        "FAZENDA": "ANA PAULA",
        "AREA_HA": 1038.793432,
        "NUCLEO": "CS1"
      }
    },
    {
      "type": "Feature",
      "geometry": {
        "type": "Point",
        "coordinates": [
          -53.682531,
          -19.976886
        ]
      },
      "properties": {
        "UP": "C1JV",
        "FAZENDA": "NOSSA SENHORA DE FÁTIMA II",
        "AREA_HA": 1301.12846,
        "NUCLEO": "CS1"
      }
    },
    {
      "type": "Feature",
      "geometry": {
        "type": "Point",
        "coordinates": [
          -53.530412,
          -20.070779
        ]
      },
      "properties": {
        "UP": "C1JW",
        "FAZENDA": "SANTÍSSIMA TRINDADE",
        "AREA_HA": 209.35531,
        "NUCLEO": "CS1"
      }
    },
    {
      "type": "Feature",
      "geometry": {
        "type": "Point",
        "coordinates": [
          -53.954085,
          -20.296255
        ]
      },
      "properties": {
        "UP": "C1JX",
        "FAZENDA": "RECANTO DAS EMAS II",
        "AREA_HA": 663.166054,
        "NUCLEO": "CS1"
      }
    },
    {
      "type": "Feature",
      "geometry": {
        "type": "Point",
        "coordinates": [
          -53.98361,
          -20.174842
        ]
      },
      "properties": {
        "UP": "C1JY",
        "FAZENDA": "CAR30",
        "AREA_HA": 1498.711433,
        "NUCLEO": "CS1"
      }
    },
    {
      "type": "Feature",
      "geometry": {
        "type": "Point",
        "coordinates": [
          -53.980326,
          -20.224137
        ]
      },
      "properties": {
        "UP": "C1JZ",
        "FAZENDA": "CAR25",
        "AREA_HA": 558.38161,
        "NUCLEO": "CS1"
      }
    },
    {
      "type": "Feature",
      "geometry": {
        "type": "Point",
        "coordinates": [
          -53.697876,
          -20.429619
        ]
      },
      "properties": {
        "UP": "C1KB",
        "FAZENDA": "SANTA LUCIA III",
        "AREA_HA": 1833.0624,
        "NUCLEO": "CS1"
      }
    },
    {
      "type": "Feature",
      "geometry": {
        "type": "Point",
        "coordinates": [
          -53.625611,
          -20.412843
        ]
      },
      "properties": {
        "UP": "C1KC",
        "FAZENDA": "SÃO BENTO IV",
        "AREA_HA": 455.510525,
        "NUCLEO": "CS1"
      }
    },
    {
      "type": "Feature",
      "geometry": {
        "type": "Point",
        "coordinates": [
          -53.811933,
          -20.329603
        ]
      },
      "properties": {
        "UP": "C1KD",
        "FAZENDA": "BOM JESUS DO RIO PARDO",
        "AREA_HA": 1495.472729,
        "NUCLEO": "CS1"
      }
    },
    {
      "type": "Feature",
      "geometry": {
        "type": "Point",
        "coordinates": [
          -53.507789,
          -20.04288
        ]
      },
      "properties": {
        "UP": "C1KE",
        "FAZENDA": "GUAVIRA II",
        "AREA_HA": 28.673937,
        "NUCLEO": "CS1"
      }
    },
    {
      "type": "Feature",
      "geometry": {
        "type": "Point",
        "coordinates": [
          -53.499454,
          -20.045473
        ]
      },
      "properties": {
        "UP": "C1KF",
        "FAZENDA": "FAZENDA ARARAS - AREA 2A",
        "AREA_HA": 29.679399,
        "NUCLEO": "CS1"
      }
    },
    {
      "type": "Feature",
      "geometry": {
        "type": "Point",
        "coordinates": [
          -53.821785,
          -20.657719
        ]
      },
      "properties": {
        "UP": "C2AA",
        "FAZENDA": "INEC II (I)",
        "AREA_HA": 810.607534,
        "NUCLEO": "CS2"
      }
    },
    {
      "type": "Feature",
      "geometry": {
        "type": "Point",
        "coordinates": [
          -53.790879,
          -20.580759
        ]
      },
      "properties": {
        "UP": "C2AB",
        "FAZENDA": "DOIS MARTELOS (I)",
        "AREA_HA": 1595.103173,
        "NUCLEO": "CS2"
      }
    },
    {
      "type": "Feature",
      "geometry": {
        "type": "Point",
        "coordinates": [
          -53.730394,
          -20.64381
        ]
      },
      "properties": {
        "UP": "C2AC",
        "FAZENDA": "FSW (I)",
        "AREA_HA": 2462.225528,
        "NUCLEO": "CS2"
      }
    },
    {
      "type": "Feature",
      "geometry": {
        "type": "Point",
        "coordinates": [
          -53.763516,
          -20.610732
        ]
      },
      "properties": {
        "UP": "C2CD",
        "FAZENDA": "ANDRAMIL I (I)",
        "AREA_HA": 427.223888,
        "NUCLEO": "CS2"
      }
    },
    {
      "type": "Feature",
      "geometry": {
        "type": "Point",
        "coordinates": [
          -53.809584,
          -20.620336
        ]
      },
      "properties": {
        "UP": "C2CE",
        "FAZENDA": "ANDRAMIL II (I)",
        "AREA_HA": 2278.717072,
        "NUCLEO": "CS2"
      }
    },
    {
      "type": "Feature",
      "geometry": {
        "type": "Point",
        "coordinates": [
          -53.894206,
          -20.556102
        ]
      },
      "properties": {
        "UP": "C2CF",
        "FAZENDA": "CASSUNUNGA (I)",
        "AREA_HA": 9819.777306,
        "NUCLEO": "CS2"
      }
    },
    {
      "type": "Feature",
      "geometry": {
        "type": "Point",
        "coordinates": [
          -53.858826,
          -20.468771
        ]
      },
      "properties": {
        "UP": "C2CH",
        "FAZENDA": "NOVA DA MATA (I)",
        "AREA_HA": 6474.241274,
        "NUCLEO": "CS2"
      }
    },
    {
      "type": "Feature",
      "geometry": {
        "type": "Point",
        "coordinates": [
          -53.431769,
          -20.67556
        ]
      },
      "properties": {
        "UP": "C2CJ",
        "FAZENDA": "SANTA LUZIA (I)",
        "AREA_HA": 2638.712376,
        "NUCLEO": "CS2"
      }
    },
    {
      "type": "Feature",
      "geometry": {
        "type": "Point",
        "coordinates": [
          -53.963975,
          -20.899687
        ]
      },
      "properties": {
        "UP": "C2CK",
        "FAZENDA": "PONTE ALTA (I)",
        "AREA_HA": 10478.36304,
        "NUCLEO": "CS2"
      }
    },
    {
      "type": "Feature",
      "geometry": {
        "type": "Point",
        "coordinates": [
          -53.11934,
          -20.532306
        ]
      },
      "properties": {
        "UP": "C2CL",
        "FAZENDA": "MUTUM",
        "AREA_HA": 50744.02651,
        "NUCLEO": "CS2"
      }
    },
    {
      "type": "Feature",
      "geometry": {
        "type": "Point",
        "coordinates": [
          -53.497368,
          -20.678818
        ]
      },
      "properties": {
        "UP": "C2CM",
        "FAZENDA": "NOSSA SENHORA APARECIDA",
        "AREA_HA": 2588.260346,
        "NUCLEO": "CS2"
      }
    },
    {
      "type": "Feature",
      "geometry": {
        "type": "Point",
        "coordinates": [
          -54.016829,
          -20.544922
        ]
      },
      "properties": {
        "UP": "C2CN",
        "FAZENDA": "BURITI",
        "AREA_HA": 3669.253146,
        "NUCLEO": "CS2"
      }
    },
    {
      "type": "Feature",
      "geometry": {
        "type": "Point",
        "coordinates": [
          -53.689744,
          -20.5869
        ]
      },
      "properties": {
        "UP": "C2CO",
        "FAZENDA": "PARAÍSO",
        "AREA_HA": 606.175023,
        "NUCLEO": "CS2"
      }
    },
    {
      "type": "Feature",
      "geometry": {
        "type": "Point",
        "coordinates": [
          -53.892542,
          -20.504581
        ]
      },
      "properties": {
        "UP": "C2CP",
        "FAZENDA": "DA MATA",
        "AREA_HA": 3485.88904,
        "NUCLEO": "CS2"
      }
    },
    {
      "type": "Feature",
      "geometry": {
        "type": "Point",
        "coordinates": [
          -53.462723,
          -20.573482
        ]
      },
      "properties": {
        "UP": "C2CQ",
        "FAZENDA": "SÃO GUILHERME  (F-H183 )",
        "AREA_HA": 18090.27143,
        "NUCLEO": "CS2"
      }
    },
    {
      "type": "Feature",
      "geometry": {
        "type": "Point",
        "coordinates": [
          -53.433299,
          -20.721963
        ]
      },
      "properties": {
        "UP": "C2CR",
        "FAZENDA": "NOVA DO MIMOSO",
        "AREA_HA": 833.483905,
        "NUCLEO": "CS2"
      }
    },
    {
      "type": "Feature",
      "geometry": {
        "type": "Point",
        "coordinates": [
          -53.317085,
          -20.692989
        ]
      },
      "properties": {
        "UP": "C2CS",
        "FAZENDA": "SACRAMENTO",
        "AREA_HA": 3144.244742,
        "NUCLEO": "CS2"
      }
    },
    {
      "type": "Feature",
      "geometry": {
        "type": "Point",
        "coordinates": [
          -53.992602,
          -20.579661
        ]
      },
      "properties": {
        "UP": "C2CT",
        "FAZENDA": "LAGOA BONITA",
        "AREA_HA": 1474.296243,
        "NUCLEO": "CS2"
      }
    },
    {
      "type": "Feature",
      "geometry": {
        "type": "Point",
        "coordinates": [
          -53.767034,
          -21.336538
        ]
      },
      "properties": {
        "UP": "C2CU",
        "FAZENDA": "SAVANA",
        "AREA_HA": 1412.788283,
        "NUCLEO": "CS2"
      }
    },
    {
      "type": "Feature",
      "geometry": {
        "type": "Point",
        "coordinates": [
          -53.923717,
          -21.212118
        ]
      },
      "properties": {
        "UP": "C2CV",
        "FAZENDA": "CASA GRANDE",
        "AREA_HA": 1122.433597,
        "NUCLEO": "CS2"
      }
    },
    {
      "type": "Feature",
      "geometry": {
        "type": "Point",
        "coordinates": [
          -53.867344,
          -21.21659
        ]
      },
      "properties": {
        "UP": "C2CW",
        "FAZENDA": "ITAMOARA",
        "AREA_HA": 4190.254944,
        "NUCLEO": "CS2"
      }
    },
    {
      "type": "Feature",
      "geometry": {
        "type": "Point",
        "coordinates": [
          -53.818384,
          -21.217664
        ]
      },
      "properties": {
        "UP": "C2CX",
        "FAZENDA": "NHU VERA",
        "AREA_HA": 2696.430452,
        "NUCLEO": "CS2"
      }
    },
    {
      "type": "Feature",
      "geometry": {
        "type": "Point",
        "coordinates": [
          -53.720267,
          -21.157532
        ]
      },
      "properties": {
        "UP": "C2CY",
        "FAZENDA": "VARJÃO DO LONTRA",
        "AREA_HA": 1258.705209,
        "NUCLEO": "CS2"
      }
    },
    {
      "type": "Feature",
      "geometry": {
        "type": "Point",
        "coordinates": [
          -53.831319,
          -20.544265
        ]
      },
      "properties": {
        "UP": "C2CZ",
        "FAZENDA": "SÃO JOSÉ II",
        "AREA_HA": 14.974456,
        "NUCLEO": "CS2"
      }
    },
    {
      "type": "Feature",
      "geometry": {
        "type": "Point",
        "coordinates": [
          -53.4685,
          -20.507612
        ]
      },
      "properties": {
        "UP": "C2DA",
        "FAZENDA": "CARACU",
        "AREA_HA": 971.456259,
        "NUCLEO": "CS2"
      }
    },
    {
      "type": "Feature",
      "geometry": {
        "type": "Point",
        "coordinates": [
          -54.105423,
          -20.670798
        ]
      },
      "properties": {
        "UP": "C2DB",
        "FAZENDA": "NOVA DOS MORROS",
        "AREA_HA": 1065.789346,
        "NUCLEO": "CS2"
      }
    },
    {
      "type": "Feature",
      "geometry": {
        "type": "Point",
        "coordinates": [
          -53.848833,
          -21.081057
        ]
      },
      "properties": {
        "UP": "C2DC",
        "FAZENDA": "ESTRELA",
        "AREA_HA": 3926.516361,
        "NUCLEO": "CS2"
      }
    },
    {
      "type": "Feature",
      "geometry": {
        "type": "Point",
        "coordinates": [
          -53.396146,
          -20.731924
        ]
      },
      "properties": {
        "UP": "C2DD",
        "FAZENDA": "SAO JOSE VI",
        "AREA_HA": 1552.081135,
        "NUCLEO": "CS2"
      }
    },
    {
      "type": "Feature",
      "geometry": {
        "type": "Point",
        "coordinates": [
          -53.733637,
          -20.534603
        ]
      },
      "properties": {
        "UP": "C2DE",
        "FAZENDA": "LUZ DO SOL",
        "AREA_HA": 139.39636,
        "NUCLEO": "CS2"
      }
    },
    {
      "type": "Feature",
      "geometry": {
        "type": "Point",
        "coordinates": [
          -54.539515,
          -20.617423
        ]
      },
      "properties": {
        "UP": "C2DF",
        "FAZENDA": "VIVEIRO DE MUDAS MS",
        "AREA_HA": 30.270655,
        "NUCLEO": "CS2"
      }
    },
    {
      "type": "Feature",
      "geometry": {
        "type": "Point",
        "coordinates": [
          -53.275517,
          -20.416643
        ]
      },
      "properties": {
        "UP": "C2DI",
        "FAZENDA": "MANOEL PIRES",
        "AREA_HA": 2650.463467,
        "NUCLEO": "CS2"
      }
    },
    {
      "type": "Feature",
      "geometry": {
        "type": "Point",
        "coordinates": [
          -53.467482,
          -21.180629
        ]
      },
      "properties": {
        "UP": "C2DL",
        "FAZENDA": "SAO DONATO",
        "AREA_HA": 2370.638782,
        "NUCLEO": "CS2"
      }
    },
    {
      "type": "Feature",
      "geometry": {
        "type": "Point",
        "coordinates": [
          -53.611701,
          -20.812926
        ]
      },
      "properties": {
        "UP": "C2DM",
        "FAZENDA": "MIMOSO - GLEBA C",
        "AREA_HA": 3100.044927,
        "NUCLEO": "CS2"
      }
    },
    {
      "type": "Feature",
      "geometry": {
        "type": "Point",
        "coordinates": [
          -53.517599,
          -20.846677
        ]
      },
      "properties": {
        "UP": "C2DN",
        "FAZENDA": "SAO RAFAEL",
        "AREA_HA": 785.22424,
        "NUCLEO": "CS2"
      }
    },
    {
      "type": "Feature",
      "geometry": {
        "type": "Point",
        "coordinates": [
          -53.463855,
          -21.209617
        ]
      },
      "properties": {
        "UP": "C2DO",
        "FAZENDA": "SANTO ANTONIO III",
        "AREA_HA": 1563.270184,
        "NUCLEO": "CS2"
      }
    },
    {
      "type": "Feature",
      "geometry": {
        "type": "Point",
        "coordinates": [
          -53.774996,
          -20.559988
        ]
      },
      "properties": {
        "UP": "C2DP",
        "FAZENDA": "SÃO JOSÉ FABER",
        "AREA_HA": 730.445179,
        "NUCLEO": "CS2"
      }
    },
    {
      "type": "Feature",
      "geometry": {
        "type": "Point",
        "coordinates": [
          -53.806239,
          -20.548095
        ]
      },
      "properties": {
        "UP": "C2DQ",
        "FAZENDA": "SÃO JOSÉ MARCOS",
        "AREA_HA": 991.436076,
        "NUCLEO": "CS2"
      }
    },
    {
      "type": "Feature",
      "geometry": {
        "type": "Point",
        "coordinates": [
          -53.802513,
          -20.535206
        ]
      },
      "properties": {
        "UP": "C2DR",
        "FAZENDA": "SANTA MARIA VII",
        "AREA_HA": 1502.37545,
        "NUCLEO": "CS2"
      }
    },
    {
      "type": "Feature",
      "geometry": {
        "type": "Point",
        "coordinates": [
          -53.761542,
          -20.534111
        ]
      },
      "properties": {
        "UP": "C2DS",
        "FAZENDA": "SANTA MARIA VIII",
        "AREA_HA": 1299.862571,
        "NUCLEO": "CS2"
      }
    },
    {
      "type": "Feature",
      "geometry": {
        "type": "Point",
        "coordinates": [
          -53.425143,
          -20.782469
        ]
      },
      "properties": {
        "UP": "C2DT",
        "FAZENDA": "LAGOINHA",
        "AREA_HA": 387.687359,
        "NUCLEO": "CS2"
      }
    },
    {
      "type": "Feature",
      "geometry": {
        "type": "Point",
        "coordinates": [
          -53.6725,
          -21.055024
        ]
      },
      "properties": {
        "UP": "C2DU",
        "FAZENDA": "SANTA FÉ",
        "AREA_HA": 783.351166,
        "NUCLEO": "CS2"
      }
    },
    {
      "type": "Feature",
      "geometry": {
        "type": "Point",
        "coordinates": [
          -53.406055,
          -20.76086
        ]
      },
      "properties": {
        "UP": "C2DV",
        "FAZENDA": "BELA VISTA I",
        "AREA_HA": 1919.672156,
        "NUCLEO": "CS2"
      }
    },
    {
      "type": "Feature",
      "geometry": {
        "type": "Point",
        "coordinates": [
          -53.989984,
          -20.667543
        ]
      },
      "properties": {
        "UP": "C2DX",
        "FAZENDA": "C.R.A II",
        "AREA_HA": 1250.504558,
        "NUCLEO": "CS2"
      }
    },
    {
      "type": "Feature",
      "geometry": {
        "type": "Point",
        "coordinates": [
          -53.797248,
          -21.089835
        ]
      },
      "properties": {
        "UP": "C2DY",
        "FAZENDA": "SANTA TEREZA",
        "AREA_HA": 1371.697684,
        "NUCLEO": "CS2"
      }
    },
    {
      "type": "Feature",
      "geometry": {
        "type": "Point",
        "coordinates": [
          -53.442532,
          -20.789308
        ]
      },
      "properties": {
        "UP": "C2DZ",
        "FAZENDA": "PARAÍSO DO CÉU",
        "AREA_HA": 1203.234072,
        "NUCLEO": "CS2"
      }
    },
    {
      "type": "Feature",
      "geometry": {
        "type": "Point",
        "coordinates": [
          -54.072283,
          -20.60404
        ]
      },
      "properties": {
        "UP": "C2EA",
        "FAZENDA": "RANCHO FUNDO II",
        "AREA_HA": 1393.198758,
        "NUCLEO": "CS2"
      }
    },
    {
      "type": "Feature",
      "geometry": {
        "type": "Point",
        "coordinates": [
          -53.388706,
          -20.70812
        ]
      },
      "properties": {
        "UP": "C2EB",
        "FAZENDA": "OURO VERDE II",
        "AREA_HA": 1585.128981,
        "NUCLEO": "CS2"
      }
    },
    {
      "type": "Feature",
      "geometry": {
        "type": "Point",
        "coordinates": [
          -53.465445,
          -20.827642
        ]
      },
      "properties": {
        "UP": "C2ED",
        "FAZENDA": "FORTALEZA",
        "AREA_HA": 1866.216148,
        "NUCLEO": "CS2"
      }
    },
    {
      "type": "Feature",
      "geometry": {
        "type": "Point",
        "coordinates": [
          -54.226118,
          -20.494337
        ]
      },
      "properties": {
        "UP": "C2EE",
        "FAZENDA": "IMPERADOR",
        "AREA_HA": 519.103618,
        "NUCLEO": "CS2"
      }
    },
    {
      "type": "Feature",
      "geometry": {
        "type": "Point",
        "coordinates": [
          -53.201324,
          -20.55468
        ]
      },
      "properties": {
        "UP": "C2EF",
        "FAZENDA": "MILAGRE DE JESUS",
        "AREA_HA": 2203.715398,
        "NUCLEO": "CS2"
      }
    },
    {
      "type": "Feature",
      "geometry": {
        "type": "Point",
        "coordinates": [
          -53.851083,
          -20.757859
        ]
      },
      "properties": {
        "UP": "C2EG",
        "FAZENDA": "ONÇA PARDA",
        "AREA_HA": 5387.102595,
        "NUCLEO": "CS2"
      }
    },
    {
      "type": "Feature",
      "geometry": {
        "type": "Point",
        "coordinates": [
          -53.221,
          -20.70468
        ]
      },
      "properties": {
        "UP": "C2EH",
        "FAZENDA": "COLINA II",
        "AREA_HA": 6687.740077,
        "NUCLEO": "CS2"
      }
    },
    {
      "type": "Feature",
      "geometry": {
        "type": "Point",
        "coordinates": [
          -53.836788,
          -20.879894
        ]
      },
      "properties": {
        "UP": "C2EJ",
        "FAZENDA": "VO MATHEUS",
        "AREA_HA": 1589.817252,
        "NUCLEO": "CS2"
      }
    },
    {
      "type": "Feature",
      "geometry": {
        "type": "Point",
        "coordinates": [
          -53.100814,
          -20.867441
        ]
      },
      "properties": {
        "UP": "C2EK",
        "FAZENDA": "MODELO",
        "AREA_HA": 6976.871945,
        "NUCLEO": "CS2"
      }
    },
    {
      "type": "Feature",
      "geometry": {
        "type": "Point",
        "coordinates": [
          -53.995986,
          -20.627647
        ]
      },
      "properties": {
        "UP": "C2EL",
        "FAZENDA": "SANTA  ADÉLIA III",
        "AREA_HA": 1643.784288,
        "NUCLEO": "CS2"
      }
    },
    {
      "type": "Feature",
      "geometry": {
        "type": "Point",
        "coordinates": [
          -54.031798,
          -20.591474
        ]
      },
      "properties": {
        "UP": "C2EM",
        "FAZENDA": "C.R.A I",
        "AREA_HA": 1277.894678,
        "NUCLEO": "CS2"
      }
    },
    {
      "type": "Feature",
      "geometry": {
        "type": "Point",
        "coordinates": [
          -53.944901,
          -20.504892
        ]
      },
      "properties": {
        "UP": "C2EN",
        "FAZENDA": "ESTRELA DA MATA",
        "AREA_HA": 921.968722,
        "NUCLEO": "CS2"
      }
    },
    {
      "type": "Feature",
      "geometry": {
        "type": "Point",
        "coordinates": [
          -54.015922,
          -20.515595
        ]
      },
      "properties": {
        "UP": "C2EP",
        "FAZENDA": "TREVO",
        "AREA_HA": 320.559269,
        "NUCLEO": "CS2"
      }
    },
    {
      "type": "Feature",
      "geometry": {
        "type": "Point",
        "coordinates": [
          -53.496178,
          -20.784194
        ]
      },
      "properties": {
        "UP": "C2EQ",
        "FAZENDA": "JAIC III",
        "AREA_HA": 1164.694823,
        "NUCLEO": "CS2"
      }
    },
    {
      "type": "Feature",
      "geometry": {
        "type": "Point",
        "coordinates": [
          -53.744231,
          -20.535875
        ]
      },
      "properties": {
        "UP": "C2ER",
        "FAZENDA": "PARAÍSO DO SUL",
        "AREA_HA": 305.331998,
        "NUCLEO": "CS2"
      }
    },
    {
      "type": "Feature",
      "geometry": {
        "type": "Point",
        "coordinates": [
          -53.731262,
          -20.606668
        ]
      },
      "properties": {
        "UP": "C2ES",
        "FAZENDA": "SÃO FÉLIX",
        "AREA_HA": 2504.299576,
        "NUCLEO": "CS2"
      }
    },
    {
      "type": "Feature",
      "geometry": {
        "type": "Point",
        "coordinates": [
          -53.444052,
          -20.725493
        ]
      },
      "properties": {
        "UP": "C2ET",
        "FAZENDA": "NOVA DO MIMOSO II",
        "AREA_HA": 184.323665,
        "NUCLEO": "CS2"
      }
    },
    {
      "type": "Feature",
      "geometry": {
        "type": "Point",
        "coordinates": [
          -53.751949,
          -20.81447
        ]
      },
      "properties": {
        "UP": "C2EU",
        "FAZENDA": "COPACABANA",
        "AREA_HA": 1134.590826,
        "NUCLEO": "CS2"
      }
    },
    {
      "type": "Feature",
      "geometry": {
        "type": "Point",
        "coordinates": [
          -54.217032,
          -20.937637
        ]
      },
      "properties": {
        "UP": "C2EV",
        "FAZENDA": "BELA IDEIA",
        "AREA_HA": 633.129865,
        "NUCLEO": "CS2"
      }
    },
    {
      "type": "Feature",
      "geometry": {
        "type": "Point",
        "coordinates": [
          -53.147917,
          -20.825086
        ]
      },
      "properties": {
        "UP": "C2EW",
        "FAZENDA": "ASA BRANCA",
        "AREA_HA": 719.316517,
        "NUCLEO": "CS2"
      }
    },
    {
      "type": "Feature",
      "geometry": {
        "type": "Point",
        "coordinates": [
          -54.180734,
          -20.648573
        ]
      },
      "properties": {
        "UP": "C2EX",
        "FAZENDA": "CAMPO ROXO",
        "AREA_HA": 685.026856,
        "NUCLEO": "CS2"
      }
    },
    {
      "type": "Feature",
      "geometry": {
        "type": "Point",
        "coordinates": [
          -53.810239,
          -20.836001
        ]
      },
      "properties": {
        "UP": "C2EY",
        "FAZENDA": "SÃO JOÃO DA RITA",
        "AREA_HA": 723.575864,
        "NUCLEO": "CS2"
      }
    },
    {
      "type": "Feature",
      "geometry": {
        "type": "Point",
        "coordinates": [
          -53.36424,
          -21.297138
        ]
      },
      "properties": {
        "UP": "C2EZ",
        "FAZENDA": "GUAVIRA",
        "AREA_HA": 330.597117,
        "NUCLEO": "CS2"
      }
    },
    {
      "type": "Feature",
      "geometry": {
        "type": "Point",
        "coordinates": [
          -53.948986,
          -20.627453
        ]
      },
      "properties": {
        "UP": "C2GA",
        "FAZENDA": "NOVA QUERÊNCIA",
        "AREA_HA": 907.176424,
        "NUCLEO": "CS2"
      }
    },
    {
      "type": "Feature",
      "geometry": {
        "type": "Point",
        "coordinates": [
          -54.215551,
          -20.963745
        ]
      },
      "properties": {
        "UP": "C2GB",
        "FAZENDA": "BOA VISTA II",
        "AREA_HA": 492.506343,
        "NUCLEO": "CS2"
      }
    },
    {
      "type": "Feature",
      "geometry": null,
      "properties": {
        "UP": "C2GC",
        "FAZENDA": "FIGUEIRA II",
        "AREA_HA": 1413.512283,
        "NUCLEO": "CS2"
      }
    },
    {
      "type": "Feature",
      "geometry": {
        "type": "Point",
        "coordinates": [
          -53.500248,
          -21.245198
        ]
      },
      "properties": {
        "UP": "C2GD",
        "FAZENDA": "SANTO ANTONIO VII",
        "AREA_HA": 1198.944225,
        "NUCLEO": "CS2"
      }
    },
    {
      "type": "Feature",
      "geometry": {
        "type": "Point",
        "coordinates": [
          -54.042605,
          -20.928693
        ]
      },
      "properties": {
        "UP": "C2GE",
        "FAZENDA": "PALANQUE",
        "AREA_HA": 2482.818622,
        "NUCLEO": "CS2"
      }
    },
    {
      "type": "Feature",
      "geometry": {
        "type": "Point",
        "coordinates": [
          -53.833796,
          -20.609927
        ]
      },
      "properties": {
        "UP": "C2GF",
        "FAZENDA": "SÃO CARLOS II",
        "AREA_HA": 761.800992,
        "NUCLEO": "CS2"
      }
    },
    {
      "type": "Feature",
      "geometry": {
        "type": "Point",
        "coordinates": [
          -53.351082,
          -20.728888
        ]
      },
      "properties": {
        "UP": "C2GG",
        "FAZENDA": "FAVEIRO",
        "AREA_HA": 1198.278365,
        "NUCLEO": "CS2"
      }
    },
    {
      "type": "Feature",
      "geometry": {
        "type": "Point",
        "coordinates": [
          -53.775753,
          -20.82132
        ]
      },
      "properties": {
        "UP": "C2GH",
        "FAZENDA": "GARIMPO",
        "AREA_HA": 1706.700751,
        "NUCLEO": "CS2"
      }
    },
    {
      "type": "Feature",
      "geometry": {
        "type": "Point",
        "coordinates": [
          -53.109643,
          -21.014245
        ]
      },
      "properties": {
        "UP": "C2GI",
        "FAZENDA": "NOSSA SENHORA APARECIDA VIII",
        "AREA_HA": 748.337391,
        "NUCLEO": "CS2"
      }
    },
    {
      "type": "Feature",
      "geometry": {
        "type": "Point",
        "coordinates": [
          -53.396692,
          -20.49649
        ]
      },
      "properties": {
        "UP": "C2GJ",
        "FAZENDA": "ALVORADA V",
        "AREA_HA": 1154.370253,
        "NUCLEO": "CS2"
      }
    },
    {
      "type": "Feature",
      "geometry": {
        "type": "Point",
        "coordinates": [
          -53.977295,
          -20.713468
        ]
      },
      "properties": {
        "UP": "C2GK",
        "FAZENDA": "JANAINA",
        "AREA_HA": 386.166239,
        "NUCLEO": "CS2"
      }
    },
    {
      "type": "Feature",
      "geometry": {
        "type": "Point",
        "coordinates": [
          -54.062555,
          -20.520342
        ]
      },
      "properties": {
        "UP": "C2GL",
        "FAZENDA": "PORTO ALEGRE",
        "AREA_HA": 6252.99489,
        "NUCLEO": "CS2"
      }
    },
    {
      "type": "Feature",
      "geometry": {
        "type": "Point",
        "coordinates": [
          -54.189068,
          -20.688589
        ]
      },
      "properties": {
        "UP": "C2GM",
        "FAZENDA": "UNIÃO DAS ÁGUAS",
        "AREA_HA": 643.650122,
        "NUCLEO": "CS2"
      }
    },
    {
      "type": "Feature",
      "geometry": {
        "type": "Point",
        "coordinates": [
          -54.11943,
          -20.463986
        ]
      },
      "properties": {
        "UP": "C2GO",
        "FAZENDA": "SERIEMA",
        "AREA_HA": 792.675309,
        "NUCLEO": "CS2"
      }
    },
    {
      "type": "Feature",
      "geometry": {
        "type": "Point",
        "coordinates": [
          -53.697896,
          -20.660028
        ]
      },
      "properties": {
        "UP": "C2GP",
        "FAZENDA": "MD",
        "AREA_HA": 1202.116499,
        "NUCLEO": "CS2"
      }
    },
    {
      "type": "Feature",
      "geometry": {
        "type": "Point",
        "coordinates": [
          -53.804852,
          -20.804585
        ]
      },
      "properties": {
        "UP": "C2GQ",
        "FAZENDA": "GARIMPO II",
        "AREA_HA": 1670.98991,
        "NUCLEO": "CS2"
      }
    },
    {
      "type": "Feature",
      "geometry": {
        "type": "Point",
        "coordinates": [
          -53.900277,
          -20.668453
        ]
      },
      "properties": {
        "UP": "C2GR",
        "FAZENDA": "RECÔNCAVO",
        "AREA_HA": 1105.264422,
        "NUCLEO": "CS2"
      }
    },
    {
      "type": "Feature",
      "geometry": {
        "type": "Point",
        "coordinates": [
          -53.973893,
          -20.647483
        ]
      },
      "properties": {
        "UP": "C2GS",
        "FAZENDA": "SÃO FÉLIX II",
        "AREA_HA": 872.599093,
        "NUCLEO": "CS2"
      }
    },
    {
      "type": "Feature",
      "geometry": {
        "type": "Point",
        "coordinates": [
          -53.929222,
          -20.758538
        ]
      },
      "properties": {
        "UP": "C2GT",
        "FAZENDA": "DOIS MENINOS",
        "AREA_HA": 195.458459,
        "NUCLEO": "CS2"
      }
    },
    {
      "type": "Feature",
      "geometry": {
        "type": "Point",
        "coordinates": [
          -53.672559,
          -20.580557
        ]
      },
      "properties": {
        "UP": "C2GU",
        "FAZENDA": "VITÓRIA II",
        "AREA_HA": 470.694294,
        "NUCLEO": "CS2"
      }
    },
    {
      "type": "Feature",
      "geometry": {
        "type": "Point",
        "coordinates": [
          -53.457113,
          -20.693779
        ]
      },
      "properties": {
        "UP": "C2GV",
        "FAZENDA": "SANTA ADELAIDE I E II",
        "AREA_HA": 481.651659,
        "NUCLEO": "CS2"
      }
    },
    {
      "type": "Feature",
      "geometry": {
        "type": "Point",
        "coordinates": [
          -53.264138,
          -20.68692
        ]
      },
      "properties": {
        "UP": "C2GW",
        "FAZENDA": "SACRAMENTO II",
        "AREA_HA": 1123.065873,
        "NUCLEO": "CS2"
      }
    },
    {
      "type": "Feature",
      "geometry": {
        "type": "Point",
        "coordinates": [
          -53.899448,
          -20.746862
        ]
      },
      "properties": {
        "UP": "C2GX",
        "FAZENDA": "SANTA ANGÉLICA II",
        "AREA_HA": 301.235403,
        "NUCLEO": "CS2"
      }
    },
    {
      "type": "Feature",
      "geometry": {
        "type": "Point",
        "coordinates": [
          -53.846107,
          -20.630691
        ]
      },
      "properties": {
        "UP": "C2GZ",
        "FAZENDA": "JACUBA",
        "AREA_HA": 722.837006,
        "NUCLEO": "CS2"
      }
    },
    {
      "type": "Feature",
      "geometry": {
        "type": "Point",
        "coordinates": [
          -53.199402,
          -20.770573
        ]
      },
      "properties": {
        "UP": "C2HA",
        "FAZENDA": "SÃO MANOEL",
        "AREA_HA": 7287.418362,
        "NUCLEO": "CS2"
      }
    },
    {
      "type": "Feature",
      "geometry": {
        "type": "Point",
        "coordinates": [
          -53.796233,
          -20.499412
        ]
      },
      "properties": {
        "UP": "C2HB",
        "FAZENDA": "SANTA MARIA XI",
        "AREA_HA": 2038.109877,
        "NUCLEO": "CS2"
      }
    },
    {
      "type": "Feature",
      "geometry": {
        "type": "Point",
        "coordinates": [
          -54.154949,
          -20.587561
        ]
      },
      "properties": {
        "UP": "C2HC",
        "FAZENDA": "MINERAL",
        "AREA_HA": 234.684788,
        "NUCLEO": "CS2"
      }
    },
    {
      "type": "Feature",
      "geometry": {
        "type": "Point",
        "coordinates": [
          -53.974132,
          -20.814796
        ]
      },
      "properties": {
        "UP": "C2HD",
        "FAZENDA": "QUATRO IRMÃOS II",
        "AREA_HA": 8249.633286,
        "NUCLEO": "CS2"
      }
    },
    {
      "type": "Feature",
      "geometry": {
        "type": "Point",
        "coordinates": [
          -53.474921,
          -20.671193
        ]
      },
      "properties": {
        "UP": "C2HE",
        "FAZENDA": "SANTA BÁRBARA",
        "AREA_HA": 308.347873,
        "NUCLEO": "CS2"
      }
    },
    {
      "type": "Feature",
      "geometry": {
        "type": "Point",
        "coordinates": [
          -53.909777,
          -20.616861
        ]
      },
      "properties": {
        "UP": "C2HF",
        "FAZENDA": "SÃO FÉLIX III",
        "AREA_HA": 1528.299964,
        "NUCLEO": "CS2"
      }
    },
    {
      "type": "Feature",
      "geometry": {
        "type": "Point",
        "coordinates": [
          -53.639272,
          -20.655367
        ]
      },
      "properties": {
        "UP": "C2HG",
        "FAZENDA": "SÃO JOSÉ DO PONTAL",
        "AREA_HA": 374.899226,
        "NUCLEO": "CS2"
      }
    },
    {
      "type": "Feature",
      "geometry": {
        "type": "Point",
        "coordinates": [
          -53.353448,
          -20.850014
        ]
      },
      "properties": {
        "UP": "C2HH",
        "FAZENDA": "SÃO PAULO",
        "AREA_HA": 191.955472,
        "NUCLEO": "CS2"
      }
    },
    {
      "type": "Feature",
      "geometry": {
        "type": "Point",
        "coordinates": [
          -53.419307,
          -20.621713
        ]
      },
      "properties": {
        "UP": "C2HI",
        "FAZENDA": "SANTA ADELIA DO RIO PARDO",
        "AREA_HA": 1147.702719,
        "NUCLEO": "CS2"
      }
    },
    {
      "type": "Feature",
      "geometry": {
        "type": "Point",
        "coordinates": [
          -53.834605,
          -20.459462
        ]
      },
      "properties": {
        "UP": "C2HJ",
        "FAZENDA": "CAIMAN",
        "AREA_HA": 517.709383,
        "NUCLEO": "CS2"
      }
    },
    {
      "type": "Feature",
      "geometry": {
        "type": "Point",
        "coordinates": [
          -53.940635,
          -20.661299
        ]
      },
      "properties": {
        "UP": "C2HK",
        "FAZENDA": "SÃO FÉLIX IV",
        "AREA_HA": 646.352853,
        "NUCLEO": "CS2"
      }
    },
    {
      "type": "Feature",
      "geometry": {
        "type": "Point",
        "coordinates": [
          -53.709437,
          -20.660569
        ]
      },
      "properties": {
        "UP": "C2HL",
        "FAZENDA": "MD II",
        "AREA_HA": 75.886763,
        "NUCLEO": "CS2"
      }
    },
    {
      "type": "Feature",
      "geometry": {
        "type": "Point",
        "coordinates": [
          -53.880533,
          -20.665438
        ]
      },
      "properties": {
        "UP": "C2HM",
        "FAZENDA": "RECÔNCAVO II",
        "AREA_HA": 199.174114,
        "NUCLEO": "CS2"
      }
    },
    {
      "type": "Feature",
      "geometry": {
        "type": "Point",
        "coordinates": [
          -53.890481,
          -20.821125
        ]
      },
      "properties": {
        "UP": "C2HN",
        "FAZENDA": "ROSA BRANCA",
        "AREA_HA": 82.315507,
        "NUCLEO": "CS2"
      }
    },
    {
      "type": "Feature",
      "geometry": {
        "type": "Point",
        "coordinates": [
          -53.877371,
          -20.838846
        ]
      },
      "properties": {
        "UP": "C2HO",
        "FAZENDA": "SANTA RITA",
        "AREA_HA": 998.587755,
        "NUCLEO": "CS2"
      }
    },
    {
      "type": "Feature",
      "geometry": {
        "type": "Point",
        "coordinates": [
          -53.803168,
          -20.972476
        ]
      },
      "properties": {
        "UP": "C2HP",
        "FAZENDA": "PANTANO",
        "AREA_HA": 18977.99198,
        "NUCLEO": "CS2"
      }
    },
    {
      "type": "Feature",
      "geometry": {
        "type": "Point",
        "coordinates": [
          -53.608057,
          -20.844648
        ]
      },
      "properties": {
        "UP": "C2HU",
        "FAZENDA": "TERRA NOVA",
        "AREA_HA": 416.445704,
        "NUCLEO": "CS2"
      }
    },
    {
      "type": "Feature",
      "geometry": {
        "type": "Point",
        "coordinates": [
          -53.927058,
          -20.745468
        ]
      },
      "properties": {
        "UP": "C2HV",
        "FAZENDA": "DOIS MENINOS II",
        "AREA_HA": 244.903386,
        "NUCLEO": "CS2"
      }
    },
    {
      "type": "Feature",
      "geometry": {
        "type": "Point",
        "coordinates": [
          -53.621744,
          -20.850446
        ]
      },
      "properties": {
        "UP": "C2HW",
        "FAZENDA": "GAIVOTA",
        "AREA_HA": 469.814981,
        "NUCLEO": "CS2"
      }
    },
    {
      "type": "Feature",
      "geometry": {
        "type": "Point",
        "coordinates": [
          -53.592857,
          -20.83363
        ]
      },
      "properties": {
        "UP": "C2HY",
        "FAZENDA": "ITAPUÃ",
        "AREA_HA": 364.633116,
        "NUCLEO": "CS2"
      }
    },
    {
      "type": "Feature",
      "geometry": {
        "type": "Point",
        "coordinates": [
          -53.59542,
          -20.889058
        ]
      },
      "properties": {
        "UP": "C2HZ",
        "FAZENDA": "FÊNIX",
        "AREA_HA": 1746.933519,
        "NUCLEO": "CS2"
      }
    },
    {
      "type": "Feature",
      "geometry": {
        "type": "Point",
        "coordinates": [
          -53.485768,
          -20.514972
        ]
      },
      "properties": {
        "UP": "C2IA",
        "FAZENDA": "CÓRREGO LIMPO",
        "AREA_HA": 189.636578,
        "NUCLEO": "CS2"
      }
    },
    {
      "type": "Feature",
      "geometry": {
        "type": "Point",
        "coordinates": [
          -53.813103,
          -20.68874
        ]
      },
      "properties": {
        "UP": "C2IB",
        "FAZENDA": "SILVANIA",
        "AREA_HA": 296.975026,
        "NUCLEO": "CS2"
      }
    },
    {
      "type": "Feature",
      "geometry": {
        "type": "Point",
        "coordinates": [
          -54.003636,
          -20.298312
        ]
      },
      "properties": {
        "UP": "C3AA",
        "FAZENDA": "SANTA MONICA (I)",
        "AREA_HA": 1491.974945,
        "NUCLEO": "CS3"
      }
    },
    {
      "type": "Feature",
      "geometry": {
        "type": "Point",
        "coordinates": [
          -54.294734,
          -20.245819
        ]
      },
      "properties": {
        "UP": "C3AB",
        "FAZENDA": "MOYA (I)",
        "AREA_HA": 193.778447,
        "NUCLEO": "CS3"
      }
    },
    {
      "type": "Feature",
      "geometry": {
        "type": "Point",
        "coordinates": [
          -54.114061,
          -20.277666
        ]
      },
      "properties": {
        "UP": "C3AC",
        "FAZENDA": "RETIRO DA CACHOEIRINHA",
        "AREA_HA": 1293.855416,
        "NUCLEO": "CS3"
      }
    },
    {
      "type": "Feature",
      "geometry": {
        "type": "Point",
        "coordinates": [
          -54.120022,
          -20.361425
        ]
      },
      "properties": {
        "UP": "C3AD",
        "FAZENDA": "CAMPO VERDE",
        "AREA_HA": 703.756534,
        "NUCLEO": "CS3"
      }
    },
    {
      "type": "Feature",
      "geometry": {
        "type": "Point",
        "coordinates": [
          -54.272904,
          -20.32617
        ]
      },
      "properties": {
        "UP": "C3AE",
        "FAZENDA": "HARMONIA",
        "AREA_HA": 1059.76123,
        "NUCLEO": "CS3"
      }
    },
    {
      "type": "Feature",
      "geometry": {
        "type": "Point",
        "coordinates": [
          -54.160821,
          -20.419723
        ]
      },
      "properties": {
        "UP": "C3AF",
        "FAZENDA": "PERDIZES II",
        "AREA_HA": 531.277832,
        "NUCLEO": "CS3"
      }
    },
    {
      "type": "Feature",
      "geometry": {
        "type": "Point",
        "coordinates": [
          -54.09151,
          -20.241214
        ]
      },
      "properties": {
        "UP": "C3AG",
        "FAZENDA": "ALEGRIA",
        "AREA_HA": 1878.058159,
        "NUCLEO": "CS3"
      }
    },
    {
      "type": "Feature",
      "geometry": {
        "type": "Point",
        "coordinates": [
          -57.289504,
          -18.314732
        ]
      },
      "properties": {
        "UP": "C3AH",
        "FAZENDA": "RESERVA ARATACA",
        "AREA_HA": 388.752303,
        "NUCLEO": "CS3"
      }
    },
    {
      "type": "Feature",
      "geometry": {
        "type": "Point",
        "coordinates": [
          -51.801366,
          -21.014967
        ]
      },
      "properties": {
        "UP": "T1A0",
        "FAZENDA": "BARRA DO MOEDA  (F-H001 )",
        "AREA_HA": 5399.871586,
        "NUCLEO": "MS1"
      }
    },
    {
      "type": "Feature",
      "geometry": {
        "type": "Point",
        "coordinates": [
          -51.956405,
          -21.012531
        ]
      },
      "properties": {
        "UP": "T1A1",
        "FAZENDA": "PRIMAVERA III  (F-H244 )",
        "AREA_HA": 306.697286,
        "NUCLEO": "MS1"
      }
    },
    {
      "type": "Feature",
      "geometry": {
        "type": "Point",
        "coordinates": [
          -52.042617,
          -21.009981
        ]
      },
      "properties": {
        "UP": "T1A2",
        "FAZENDA": "SOBERANO  (F-H152 )",
        "AREA_HA": 848.324701,
        "NUCLEO": "MS1"
      }
    },
    {
      "type": "Feature",
      "geometry": {
        "type": "Point",
        "coordinates": [
          -51.921937,
          -21.002568
        ]
      },
      "properties": {
        "UP": "T1A3",
        "FAZENDA": "BURITI III  (F-H216 )",
        "AREA_HA": 994.516071,
        "NUCLEO": "MS1"
      }
    },
    {
      "type": "Feature",
      "geometry": {
        "type": "Point",
        "coordinates": [
          -51.978195,
          -21.000749
        ]
      },
      "properties": {
        "UP": "T1A4",
        "FAZENDA": "SÃO MIGUEL  (F-H047 )",
        "AREA_HA": 643.443114,
        "NUCLEO": "MS1"
      }
    },
    {
      "type": "Feature",
      "geometry": {
        "type": "Point",
        "coordinates": [
          -51.966646,
          -20.994853
        ]
      },
      "properties": {
        "UP": "T1A5",
        "FAZENDA": "RIO VERDE - TAQUARUSSU  (F-H066 )",
        "AREA_HA": 294.533762,
        "NUCLEO": "MS1"
      }
    },
    {
      "type": "Feature",
      "geometry": {
        "type": "Point",
        "coordinates": [
          -52.004752,
          -20.993812
        ]
      },
      "properties": {
        "UP": "T1A6",
        "FAZENDA": "JUSSARA  (F-H031 )",
        "AREA_HA": 768.753771,
        "NUCLEO": "MS1"
      }
    },
    {
      "type": "Feature",
      "geometry": {
        "type": "Point",
        "coordinates": [
          -52.035878,
          -20.986075
        ]
      },
      "properties": {
        "UP": "T1A7",
        "FAZENDA": "SÃO BENTO  (F-H056 )",
        "AREA_HA": 593.39877,
        "NUCLEO": "MS1"
      }
    },
    {
      "type": "Feature",
      "geometry": {
        "type": "Point",
        "coordinates": [
          -51.964253,
          -20.990278
        ]
      },
      "properties": {
        "UP": "T1A8",
        "FAZENDA": "SANTA MARIA II  (F-H036 )",
        "AREA_HA": 281.239519,
        "NUCLEO": "MS1"
      }
    },
    {
      "type": "Feature",
      "geometry": {
        "type": "Point",
        "coordinates": [
          -51.887944,
          -20.989059
        ]
      },
      "properties": {
        "UP": "T1A9",
        "FAZENDA": "ITUANA  (F-H030 )",
        "AREA_HA": 643.239602,
        "NUCLEO": "MS1"
      }
    },
    {
      "type": "Feature",
      "geometry": {
        "type": "Point",
        "coordinates": [
          -51.959882,
          -21.129237
        ]
      },
      "properties": {
        "UP": "T1AA",
        "FAZENDA": "FAVEIRO DO RIO VERDE I  (F-H259 )",
        "AREA_HA": 651.191232,
        "NUCLEO": "MS1"
      }
    },
    {
      "type": "Feature",
      "geometry": {
        "type": "Point",
        "coordinates": [
          -51.965617,
          -21.108836
        ]
      },
      "properties": {
        "UP": "T1AB",
        "FAZENDA": "SÃO BENTO II  (F-H206 )",
        "AREA_HA": 499.416163,
        "NUCLEO": "MS1"
      }
    },
    {
      "type": "Feature",
      "geometry": {
        "type": "Point",
        "coordinates": [
          -51.949233,
          -21.107148
        ]
      },
      "properties": {
        "UP": "T1AC",
        "FAZENDA": "CABECEIRAS  (F-H057 )",
        "AREA_HA": 260.910271,
        "NUCLEO": "MS1"
      }
    },
    {
      "type": "Feature",
      "geometry": {
        "type": "Point",
        "coordinates": [
          -51.928551,
          -21.100436
        ]
      },
      "properties": {
        "UP": "T1AD",
        "FAZENDA": "FAVEIRO II  (F-H143 )",
        "AREA_HA": 552.186214,
        "NUCLEO": "MS1"
      }
    },
    {
      "type": "Feature",
      "geometry": {
        "type": "Point",
        "coordinates": [
          -51.989184,
          -21.097649
        ]
      },
      "properties": {
        "UP": "T1AE",
        "FAZENDA": "MALU DO RIO VERDE  (F-H187 )",
        "AREA_HA": 1496.266122,
        "NUCLEO": "MS1"
      }
    },
    {
      "type": "Feature",
      "geometry": {
        "type": "Point",
        "coordinates": [
          -51.892123,
          -21.087526
        ]
      },
      "properties": {
        "UP": "T1AF",
        "FAZENDA": "SANTA LUZIA  (F-H004 )",
        "AREA_HA": 3685.882879,
        "NUCLEO": "MS1"
      }
    },
    {
      "type": "Feature",
      "geometry": {
        "type": "Point",
        "coordinates": [
          -51.951837,
          -21.08574
        ]
      },
      "properties": {
        "UP": "T1AG",
        "FAZENDA": "DRACENA  (F-H054 )",
        "AREA_HA": 271.407303,
        "NUCLEO": "MS1"
      }
    },
    {
      "type": "Feature",
      "geometry": {
        "type": "Point",
        "coordinates": [
          -52.008511,
          -21.078819
        ]
      },
      "properties": {
        "UP": "T1AH",
        "FAZENDA": "RANCHO ALEGRE  (F-H061 )",
        "AREA_HA": 360.13561,
        "NUCLEO": "MS1"
      }
    },
    {
      "type": "Feature",
      "geometry": {
        "type": "Point",
        "coordinates": [
          -51.84973,
          -21.077107
        ]
      },
      "properties": {
        "UP": "T1AI",
        "FAZENDA": "AGUA LIMPA III  (F-H233 )",
        "AREA_HA": 4349.425037,
        "NUCLEO": "MS1"
      }
    },
    {
      "type": "Feature",
      "geometry": {
        "type": "Point",
        "coordinates": [
          -51.981581,
          -21.072306
        ]
      },
      "properties": {
        "UP": "T1AJ",
        "FAZENDA": "NOSSA SENHORA DE LOURDES  (F-H020 )",
        "AREA_HA": 963.390176,
        "NUCLEO": "MS1"
      }
    },
    {
      "type": "Feature",
      "geometry": {
        "type": "Point",
        "coordinates": [
          -51.959029,
          -21.07066
        ]
      },
      "properties": {
        "UP": "T1AK",
        "FAZENDA": "ANA CLAUDIA  (F-H179 )",
        "AREA_HA": 359.919926,
        "NUCLEO": "MS1"
      }
    },
    {
      "type": "Feature",
      "geometry": {
        "type": "Point",
        "coordinates": [
          -51.940315,
          -21.061109
        ]
      },
      "properties": {
        "UP": "T1AL",
        "FAZENDA": "ESTRELA D ÁLVA  (F-H151 )",
        "AREA_HA": 301.92787,
        "NUCLEO": "MS1"
      }
    },
    {
      "type": "Feature",
      "geometry": {
        "type": "Point",
        "coordinates": [
          -51.988516,
          -21.052294
        ]
      },
      "properties": {
        "UP": "T1AM",
        "FAZENDA": "NASCENTE DO CARACOL  (F-H046 )",
        "AREA_HA": 626.789044,
        "NUCLEO": "MS1"
      }
    },
    {
      "type": "Feature",
      "geometry": {
        "type": "Point",
        "coordinates": [
          -51.907367,
          -21.048549
        ]
      },
      "properties": {
        "UP": "T1AN",
        "FAZENDA": "SÃO JOÃO BATISTA  (F-H225 )",
        "AREA_HA": 554.751181,
        "NUCLEO": "MS1"
      }
    },
    {
      "type": "Feature",
      "geometry": {
        "type": "Point",
        "coordinates": [
          -52.004414,
          -21.044458
        ]
      },
      "properties": {
        "UP": "T1AO",
        "FAZENDA": "JUINAUBIRA  (F-H035 )",
        "AREA_HA": 774.362099,
        "NUCLEO": "MS1"
      }
    },
    {
      "type": "Feature",
      "geometry": {
        "type": "Point",
        "coordinates": [
          -51.919656,
          -21.043213
        ]
      },
      "properties": {
        "UP": "T1AP",
        "FAZENDA": "PRIMAVERA II  (F-H163 )",
        "AREA_HA": 250.66004,
        "NUCLEO": "MS1"
      }
    },
    {
      "type": "Feature",
      "geometry": {
        "type": "Point",
        "coordinates": [
          -51.925702,
          -21.037662
        ]
      },
      "properties": {
        "UP": "T1AQ",
        "FAZENDA": "CAMBAUVA  (F-H044 )",
        "AREA_HA": 485.38524,
        "NUCLEO": "MS1"
      }
    },
    {
      "type": "Feature",
      "geometry": {
        "type": "Point",
        "coordinates": [
          -51.965202,
          -21.028856
        ]
      },
      "properties": {
        "UP": "T1AR",
        "FAZENDA": "OURO VERDE  (F-H153 )",
        "AREA_HA": 555.025721,
        "NUCLEO": "MS1"
      }
    },
    {
      "type": "Feature",
      "geometry": {
        "type": "Point",
        "coordinates": [
          -51.928922,
          -21.027119
        ]
      },
      "properties": {
        "UP": "T1AT",
        "FAZENDA": "QUATRO A  (F-H050 )",
        "AREA_HA": 407.825452,
        "NUCLEO": "MS1"
      }
    },
    {
      "type": "Feature",
      "geometry": {
        "type": "Point",
        "coordinates": [
          -52.026465,
          -21.029416
        ]
      },
      "properties": {
        "UP": "T1AU",
        "FAZENDA": "ALMEIDA  (F-H033 )",
        "AREA_HA": 931.564599,
        "NUCLEO": "MS1"
      }
    },
    {
      "type": "Feature",
      "geometry": {
        "type": "Point",
        "coordinates": [
          -51.950891,
          -21.023552
        ]
      },
      "properties": {
        "UP": "T1AV",
        "FAZENDA": "ALTO ALEGRE  (F-H238 )",
        "AREA_HA": 141.777931,
        "NUCLEO": "MS1"
      }
    },
    {
      "type": "Feature",
      "geometry": {
        "type": "Point",
        "coordinates": [
          -52.053139,
          -21.021105
        ]
      },
      "properties": {
        "UP": "T1AW",
        "FAZENDA": "MARCELINHO  (F-H150 )",
        "AREA_HA": 181.029218,
        "NUCLEO": "MS1"
      }
    },
    {
      "type": "Feature",
      "geometry": {
        "type": "Point",
        "coordinates": [
          -51.897126,
          -21.020639
        ]
      },
      "properties": {
        "UP": "T1AX",
        "FAZENDA": "LAGO AZUL  (F-H192 )",
        "AREA_HA": 234.260431,
        "NUCLEO": "MS1"
      }
    },
    {
      "type": "Feature",
      "geometry": {
        "type": "Point",
        "coordinates": [
          -52.121363,
          -21.020006
        ]
      },
      "properties": {
        "UP": "T1AY",
        "FAZENDA": "LIMOEIRO  (F-H090 )",
        "AREA_HA": 1144.451109,
        "NUCLEO": "MS1"
      }
    },
    {
      "type": "Feature",
      "geometry": {
        "type": "Point",
        "coordinates": [
          -52.008698,
          -21.016963
        ]
      },
      "properties": {
        "UP": "T1AZ",
        "FAZENDA": "TAQUARUSSU  (F-H055 )",
        "AREA_HA": 148.490722,
        "NUCLEO": "MS1"
      }
    },
    {
      "type": "Feature",
      "geometry": {
        "type": "Point",
        "coordinates": [
          -51.967597,
          -20.917564
        ]
      },
      "properties": {
        "UP": "T1B0",
        "FAZENDA": "SABIA  (F-H185 )",
        "AREA_HA": 148.352353,
        "NUCLEO": "MS1"
      }
    },
    {
      "type": "Feature",
      "geometry": {
        "type": "Point",
        "coordinates": [
          -51.969888,
          -20.916246
        ]
      },
      "properties": {
        "UP": "T1B1",
        "FAZENDA": "SANTA PAULA  (F-H186 )",
        "AREA_HA": 150.179113,
        "NUCLEO": "MS1"
      }
    },
    {
      "type": "Feature",
      "geometry": {
        "type": "Point",
        "coordinates": [
          -51.779458,
          -20.924908
        ]
      },
      "properties": {
        "UP": "T1B2",
        "FAZENDA": "PALMITO  (F-H002 )",
        "AREA_HA": 2057.126923,
        "NUCLEO": "MS1"
      }
    },
    {
      "type": "Feature",
      "geometry": {
        "type": "Point",
        "coordinates": [
          -51.853467,
          -20.911777
        ]
      },
      "properties": {
        "UP": "T1B3",
        "FAZENDA": "BURITI  (F-H003 )",
        "AREA_HA": 4035.496148,
        "NUCLEO": "MS1"
      }
    },
    {
      "type": "Feature",
      "geometry": {
        "type": "Point",
        "coordinates": [
          -51.734809,
          -20.904302
        ]
      },
      "properties": {
        "UP": "T1B4",
        "FAZENDA": "TARUMÂ  (F-H079 )",
        "AREA_HA": 1796.333272,
        "NUCLEO": "MS1"
      }
    },
    {
      "type": "Feature",
      "geometry": {
        "type": "Point",
        "coordinates": [
          -51.930952,
          -20.942152
        ]
      },
      "properties": {
        "UP": "T1B5",
        "FAZENDA": "ESTRADÃO  (F-H005 )",
        "AREA_HA": 6018.857998,
        "NUCLEO": "MS1"
      }
    },
    {
      "type": "Feature",
      "geometry": {
        "type": "Point",
        "coordinates": [
          -51.693792,
          -20.894228
        ]
      },
      "properties": {
        "UP": "T1B7",
        "FAZENDA": "SÃO JOAQUIM  (F-H195 )",
        "AREA_HA": 267.300063,
        "NUCLEO": "MS1"
      }
    },
    {
      "type": "Feature",
      "geometry": {
        "type": "Point",
        "coordinates": [
          -51.745817,
          -20.883184
        ]
      },
      "properties": {
        "UP": "T1B8",
        "FAZENDA": "CASA BRANCA  (F-H018 )",
        "AREA_HA": 532.511782,
        "NUCLEO": "MS1"
      }
    },
    {
      "type": "Feature",
      "geometry": {
        "type": "Point",
        "coordinates": [
          -51.990486,
          -20.880947
        ]
      },
      "properties": {
        "UP": "T1B9",
        "FAZENDA": "MIDI  (F-H043 )",
        "AREA_HA": 156.618604,
        "NUCLEO": "MS1"
      }
    },
    {
      "type": "Feature",
      "geometry": {
        "type": "Point",
        "coordinates": [
          -51.907877,
          -20.987102
        ]
      },
      "properties": {
        "UP": "T1BA",
        "FAZENDA": "SANTA DOLORES  (F-H034 )",
        "AREA_HA": 364.611532,
        "NUCLEO": "MS1"
      }
    },
    {
      "type": "Feature",
      "geometry": {
        "type": "Point",
        "coordinates": [
          -51.961963,
          -20.983462
        ]
      },
      "properties": {
        "UP": "T1BB",
        "FAZENDA": "SANTA FELICIDADE  (F-H019 )",
        "AREA_HA": 536.130596,
        "NUCLEO": "MS1"
      }
    },
    {
      "type": "Feature",
      "geometry": {
        "type": "Point",
        "coordinates": [
          -51.901728,
          -20.980932
        ]
      },
      "properties": {
        "UP": "T1BC",
        "FAZENDA": "UNIÃO  (F-H017 )",
        "AREA_HA": 72.539165,
        "NUCLEO": "MS1"
      }
    },
    {
      "type": "Feature",
      "geometry": {
        "type": "Point",
        "coordinates": [
          -52.003739,
          -20.977702
        ]
      },
      "properties": {
        "UP": "T1BD",
        "FAZENDA": "BOA ESPERANÇA  (F-H182 )",
        "AREA_HA": 668.52431,
        "NUCLEO": "MS1"
      }
    },
    {
      "type": "Feature",
      "geometry": {
        "type": "Point",
        "coordinates": [
          -51.950664,
          -20.975964
        ]
      },
      "properties": {
        "UP": "T1BE",
        "FAZENDA": "CARCARA  (F-H063 )",
        "AREA_HA": 358.824892,
        "NUCLEO": "MS1"
      }
    },
    {
      "type": "Feature",
      "geometry": {
        "type": "Point",
        "coordinates": [
          -51.924272,
          -20.975934
        ]
      },
      "properties": {
        "UP": "T1BF",
        "FAZENDA": "SANTO EGIDIO  (F-H039 )",
        "AREA_HA": 265.447784,
        "NUCLEO": "MS1"
      }
    },
    {
      "type": "Feature",
      "geometry": {
        "type": "Point",
        "coordinates": [
          -51.950029,
          -20.968792
        ]
      },
      "properties": {
        "UP": "T1BG",
        "FAZENDA": "NOSSA SENHORA APARECIDA  (F-H040 )",
        "AREA_HA": 194.896699,
        "NUCLEO": "MS1"
      }
    },
    {
      "type": "Feature",
      "geometry": {
        "type": "Point",
        "coordinates": [
          -51.961358,
          -20.968163
        ]
      },
      "properties": {
        "UP": "T1BH",
        "FAZENDA": "SÃO LUIZ  (F-H042 )",
        "AREA_HA": 129.301413,
        "NUCLEO": "MS1"
      }
    },
    {
      "type": "Feature",
      "geometry": {
        "type": "Point",
        "coordinates": [
          -52.072626,
          -20.965499
        ]
      },
      "properties": {
        "UP": "T1BI",
        "FAZENDA": "URISSANGA  (F-H059 )",
        "AREA_HA": 119.351788,
        "NUCLEO": "MS1"
      }
    },
    {
      "type": "Feature",
      "geometry": {
        "type": "Point",
        "coordinates": [
          -51.850477,
          -20.963165
        ]
      },
      "properties": {
        "UP": "T1BJ",
        "FAZENDA": "ESPERANÇA  (F-H015 )",
        "AREA_HA": 174.616154,
        "NUCLEO": "MS1"
      }
    },
    {
      "type": "Feature",
      "geometry": {
        "type": "Point",
        "coordinates": [
          -51.773233,
          -20.961811
        ]
      },
      "properties": {
        "UP": "T1BK",
        "FAZENDA": "DOBRÃO  (F-H029 )",
        "AREA_HA": 2628.040935,
        "NUCLEO": "MS1"
      }
    },
    {
      "type": "Feature",
      "geometry": {
        "type": "Point",
        "coordinates": [
          -52.067115,
          -20.962655
        ]
      },
      "properties": {
        "UP": "T1BL",
        "FAZENDA": "FABIANA  (F-H060 )",
        "AREA_HA": 123.642281,
        "NUCLEO": "MS1"
      }
    },
    {
      "type": "Feature",
      "geometry": {
        "type": "Point",
        "coordinates": [
          -51.860326,
          -20.96227
        ]
      },
      "properties": {
        "UP": "T1BM",
        "FAZENDA": "ESPERANÇA II  (F-H025 )",
        "AREA_HA": 305.599367,
        "NUCLEO": "MS1"
      }
    },
    {
      "type": "Feature",
      "geometry": {
        "type": "Point",
        "coordinates": [
          -51.867098,
          -20.96091
        ]
      },
      "properties": {
        "UP": "T1BN",
        "FAZENDA": "NOVE DE JULHO  (F-H052 )",
        "AREA_HA": 353.071471,
        "NUCLEO": "MS1"
      }
    },
    {
      "type": "Feature",
      "geometry": {
        "type": "Point",
        "coordinates": [
          -52.05338,
          -20.954811
        ]
      },
      "properties": {
        "UP": "T1BO",
        "FAZENDA": "MORADA DO SOL  (F-H105 )",
        "AREA_HA": 1148.125846,
        "NUCLEO": "MS1"
      }
    },
    {
      "type": "Feature",
      "geometry": {
        "type": "Point",
        "coordinates": [
          -51.90345,
          -20.951679
        ]
      },
      "properties": {
        "UP": "T1BP",
        "FAZENDA": "OGASAWARA  (F-H038 )",
        "AREA_HA": 754.80906,
        "NUCLEO": "MS1"
      }
    },
    {
      "type": "Feature",
      "geometry": {
        "type": "Point",
        "coordinates": [
          -51.758974,
          -20.950241
        ]
      },
      "properties": {
        "UP": "T1BQ",
        "FAZENDA": "SAO SEBASTIAO GLEBA F  (F-H285 )",
        "AREA_HA": 116.629473,
        "NUCLEO": "MS1"
      }
    },
    {
      "type": "Feature",
      "geometry": {
        "type": "Point",
        "coordinates": [
          -51.731963,
          -20.942366
        ]
      },
      "properties": {
        "UP": "T1BR",
        "FAZENDA": "SAO SEBASTIAO GLEBA E  (F-H284 )",
        "AREA_HA": 176.639509,
        "NUCLEO": "MS1"
      }
    },
    {
      "type": "Feature",
      "geometry": {
        "type": "Point",
        "coordinates": [
          -51.76626,
          -20.941088
        ]
      },
      "properties": {
        "UP": "T1BS",
        "FAZENDA": "SANTA HELENA  (F-H051 )",
        "AREA_HA": 350.92926,
        "NUCLEO": "MS1"
      }
    },
    {
      "type": "Feature",
      "geometry": {
        "type": "Point",
        "coordinates": [
          -52.013068,
          -20.939081
        ]
      },
      "properties": {
        "UP": "T1BT",
        "FAZENDA": "SANTA MARIA VI  (F-H241 )",
        "AREA_HA": 306.315303,
        "NUCLEO": "MS1"
      }
    },
    {
      "type": "Feature",
      "geometry": {
        "type": "Point",
        "coordinates": [
          -52.05167,
          -20.937785
        ]
      },
      "properties": {
        "UP": "T1BU",
        "FAZENDA": "ARETE  (F-H297 )",
        "AREA_HA": 611.391487,
        "NUCLEO": "MS1"
      }
    },
    {
      "type": "Feature",
      "geometry": {
        "type": "Point",
        "coordinates": [
          -51.96307,
          -20.933652
        ]
      },
      "properties": {
        "UP": "T1BV",
        "FAZENDA": "SANTA MARIA  (F-H032 )",
        "AREA_HA": 358.313802,
        "NUCLEO": "MS1"
      }
    },
    {
      "type": "Feature",
      "geometry": {
        "type": "Point",
        "coordinates": [
          -51.825311,
          -20.928275
        ]
      },
      "properties": {
        "UP": "T1BW",
        "FAZENDA": "VÓ GIORGINA  (F-H026 )",
        "AREA_HA": 135.202588,
        "NUCLEO": "MS1"
      }
    },
    {
      "type": "Feature",
      "geometry": {
        "type": "Point",
        "coordinates": [
          -51.761535,
          -20.920502
        ]
      },
      "properties": {
        "UP": "T1BX",
        "FAZENDA": "TRADIÇÃO  (F-H091 )",
        "AREA_HA": 363.853783,
        "NUCLEO": "MS1"
      }
    },
    {
      "type": "Feature",
      "geometry": {
        "type": "Point",
        "coordinates": [
          -51.816773,
          -20.920114
        ]
      },
      "properties": {
        "UP": "T1BY",
        "FAZENDA": "VÓ GERALDA  (F-H016 )",
        "AREA_HA": 214.785625,
        "NUCLEO": "MS1"
      }
    },
    {
      "type": "Feature",
      "geometry": {
        "type": "Point",
        "coordinates": [
          -51.959156,
          -20.917609
        ]
      },
      "properties": {
        "UP": "T1BZ",
        "FAZENDA": "ESPIR SALOMÃO  (F-H037 )",
        "AREA_HA": 554.822856,
        "NUCLEO": "MS1"
      }
    },
    {
      "type": "Feature",
      "geometry": {
        "type": "Point",
        "coordinates": [
          -51.794251,
          -20.880399
        ]
      },
      "properties": {
        "UP": "T1CA",
        "FAZENDA": "SANTA ANGELA  (F-H027 )",
        "AREA_HA": 2921.198244,
        "NUCLEO": "MS1"
      }
    },
    {
      "type": "Feature",
      "geometry": {
        "type": "Point",
        "coordinates": [
          -52.001654,
          -20.877949
        ]
      },
      "properties": {
        "UP": "T1CB",
        "FAZENDA": "ALVORADA  (F-H058 )",
        "AREA_HA": 148.830144,
        "NUCLEO": "MS1"
      }
    },
    {
      "type": "Feature",
      "geometry": {
        "type": "Point",
        "coordinates": [
          -51.75671,
          -20.869964
        ]
      },
      "properties": {
        "UP": "T1CC",
        "FAZENDA": "SANTA ÂNGELA II  (F-H170 )",
        "AREA_HA": 882.730868,
        "NUCLEO": "MS1"
      }
    },
    {
      "type": "Feature",
      "geometry": {
        "type": "Point",
        "coordinates": [
          -51.728847,
          -20.865649
        ]
      },
      "properties": {
        "UP": "T1CD",
        "FAZENDA": "SANTA ROSA  (F-H119 )",
        "AREA_HA": 504.140741,
        "NUCLEO": "MS1"
      }
    },
    {
      "type": "Feature",
      "geometry": {
        "type": "Point",
        "coordinates": [
          -51.891472,
          -20.855623
        ]
      },
      "properties": {
        "UP": "T1CE",
        "FAZENDA": "SÃO JOÃO III  (F-H210 )",
        "AREA_HA": 446.583956,
        "NUCLEO": "MS1"
      }
    },
    {
      "type": "Feature",
      "geometry": {
        "type": "Point",
        "coordinates": [
          -51.723135,
          -20.850365
        ]
      },
      "properties": {
        "UP": "T1CF",
        "FAZENDA": "LAGUNA  (F-H109 )",
        "AREA_HA": 569.028945,
        "NUCLEO": "MS1"
      }
    },
    {
      "type": "Feature",
      "geometry": {
        "type": "Point",
        "coordinates": [
          -51.928867,
          -20.837746
        ]
      },
      "properties": {
        "UP": "T1CG",
        "FAZENDA": "PALMITO MIURA  (F-H028 )",
        "AREA_HA": 2470.457193,
        "NUCLEO": "MS1"
      }
    },
    {
      "type": "Feature",
      "geometry": {
        "type": "Point",
        "coordinates": [
          -51.876973,
          -20.819939
        ]
      },
      "properties": {
        "UP": "T1CH",
        "FAZENDA": "RENASCER  (F-H218 )",
        "AREA_HA": 226.328341,
        "NUCLEO": "MS1"
      }
    },
    {
      "type": "Feature",
      "geometry": {
        "type": "Point",
        "coordinates": [
          -51.905572,
          -20.818911
        ]
      },
      "properties": {
        "UP": "T1CI",
        "FAZENDA": "BARRA DO CERVO  (F-H303 )",
        "AREA_HA": 166.236723,
        "NUCLEO": "MS1"
      }
    },
    {
      "type": "Feature",
      "geometry": {
        "type": "Point",
        "coordinates": [
          -51.871828,
          -20.809644
        ]
      },
      "properties": {
        "UP": "T1CJ",
        "FAZENDA": "SÍTIO CAMPO ALEGRE  (F-H161 )",
        "AREA_HA": 123.715175,
        "NUCLEO": "MS1"
      }
    },
    {
      "type": "Feature",
      "geometry": {
        "type": "Point",
        "coordinates": [
          -51.949469,
          -20.802467
        ]
      },
      "properties": {
        "UP": "T1CK",
        "FAZENDA": "BRINCO DE OURO  (F-H118 )",
        "AREA_HA": 495.933476,
        "NUCLEO": "MS1"
      }
    },
    {
      "type": "Feature",
      "geometry": {
        "type": "Point",
        "coordinates": [
          -51.936253,
          -20.798526
        ]
      },
      "properties": {
        "UP": "T1CL",
        "FAZENDA": "SARAMANDAIA  (F-H208 )",
        "AREA_HA": 453.94643,
        "NUCLEO": "MS1"
      }
    },
    {
      "type": "Feature",
      "geometry": {
        "type": "Point",
        "coordinates": [
          -52.020883,
          -20.792477
        ]
      },
      "properties": {
        "UP": "T1CM",
        "FAZENDA": "BOM SUCESSO  (F-H253 )",
        "AREA_HA": 220.34021,
        "NUCLEO": "MS1"
      }
    },
    {
      "type": "Feature",
      "geometry": {
        "type": "Point",
        "coordinates": [
          -51.863947,
          -20.792038
        ]
      },
      "properties": {
        "UP": "T1CN",
        "FAZENDA": "PARAISO III  (F-H249 )",
        "AREA_HA": 259.01975,
        "NUCLEO": "MS1"
      }
    },
    {
      "type": "Feature",
      "geometry": {
        "type": "Point",
        "coordinates": [
          -52.038411,
          -20.994824
        ]
      },
      "properties": {
        "UP": "T1CO",
        "FAZENDA": "SÃO BENTO III  (F-H305 )",
        "AREA_HA": 593.398741,
        "NUCLEO": "MS1"
      }
    },
    {
      "type": "Feature",
      "geometry": {
        "type": "Point",
        "coordinates": [
          -51.844001,
          -20.962823
        ]
      },
      "properties": {
        "UP": "T1CP",
        "FAZENDA": "ESPERANÇA II",
        "AREA_HA": 1.388975,
        "NUCLEO": "MS1"
      }
    },
    {
      "type": "Feature",
      "geometry": {
        "type": "Point",
        "coordinates": [
          -51.956365,
          -21.003737
        ]
      },
      "properties": {
        "UP": "T1CQ",
        "FAZENDA": "SÃO MIGUEL III",
        "AREA_HA": 128.891899,
        "NUCLEO": "MS1"
      }
    },
    {
      "type": "Feature",
      "geometry": {
        "type": "Point",
        "coordinates": [
          -51.746403,
          -20.952153
        ]
      },
      "properties": {
        "UP": "T1CR",
        "FAZENDA": "SÃO SEBASTIÃO G.A",
        "AREA_HA": 176.892628,
        "NUCLEO": "MS1"
      }
    },
    {
      "type": "Feature",
      "geometry": {
        "type": "Point",
        "coordinates": [
          -51.874718,
          -20.829686
        ]
      },
      "properties": {
        "UP": "T1CS",
        "FAZENDA": "SÍTIO SANTO ANTÔNIO",
        "AREA_HA": 118.231029,
        "NUCLEO": "MS1"
      }
    },
    {
      "type": "Feature",
      "geometry": {
        "type": "Point",
        "coordinates": [
          -51.995472,
          -21.017787
        ]
      },
      "properties": {
        "UP": "T1CT",
        "FAZENDA": "TAQUARUSSU II",
        "AREA_HA": 245.477278,
        "NUCLEO": "MS1"
      }
    },
    {
      "type": "Feature",
      "geometry": {
        "type": "Point",
        "coordinates": [
          -51.843897,
          -20.949813
        ]
      },
      "properties": {
        "UP": "T1CU",
        "FAZENDA": "NOSSA SENHORA DE FÁTIMA",
        "AREA_HA": 313.124474,
        "NUCLEO": "MS1"
      }
    },
    {
      "type": "Feature",
      "geometry": {
        "type": "Point",
        "coordinates": [
          -52.003332,
          -21.009199
        ]
      },
      "properties": {
        "UP": "T1CV",
        "FAZENDA": "TAQUARUSSU III",
        "AREA_HA": 218.253235,
        "NUCLEO": "MS1"
      }
    },
    {
      "type": "Feature",
      "geometry": {
        "type": "Point",
        "coordinates": [
          -51.984054,
          -20.958811
        ]
      },
      "properties": {
        "UP": "T1CX",
        "FAZENDA": "SÃO JOÃO JY",
        "AREA_HA": 249.494295,
        "NUCLEO": "MS1"
      }
    },
    {
      "type": "Feature",
      "geometry": {
        "type": "Point",
        "coordinates": [
          -51.970341,
          -21.129701
        ]
      },
      "properties": {
        "UP": "T1CY",
        "FAZENDA": "J.A.I",
        "AREA_HA": 184.103565,
        "NUCLEO": "MS1"
      }
    },
    {
      "type": "Feature",
      "geometry": {
        "type": "Point",
        "coordinates": [
          -51.89651,
          -20.81411
        ]
      },
      "properties": {
        "UP": "T1CZ",
        "FAZENDA": "SÍTIO SILU",
        "AREA_HA": 48.195533,
        "NUCLEO": "MS1"
      }
    },
    {
      "type": "Feature",
      "geometry": {
        "type": "Point",
        "coordinates": [
          -51.899797,
          -20.829244
        ]
      },
      "properties": {
        "UP": "T1DA",
        "FAZENDA": "PALMITO II",
        "AREA_HA": 310.445237,
        "NUCLEO": "MS1"
      }
    },
    {
      "type": "Feature",
      "geometry": {
        "type": "Point",
        "coordinates": [
          -51.714029,
          -20.901289
        ]
      },
      "properties": {
        "UP": "T1DC",
        "FAZENDA": "SI180",
        "AREA_HA": 123.189038,
        "NUCLEO": "MS1"
      }
    },
    {
      "type": "Feature",
      "geometry": {
        "type": "Point",
        "coordinates": [
          -51.741158,
          -20.942431
        ]
      },
      "properties": {
        "UP": "T1DD",
        "FAZENDA": "SÃO SEBASTIÃO GB",
        "AREA_HA": 170.99857,
        "NUCLEO": "MS1"
      }
    },
    {
      "type": "Feature",
      "geometry": {
        "type": "Point",
        "coordinates": [
          -51.959359,
          -21.023289
        ]
      },
      "properties": {
        "UP": "T1DE",
        "FAZENDA": "RIACHO FUNDO (F-H145)",
        "AREA_HA": 147.099528,
        "NUCLEO": "MS1"
      }
    },
    {
      "type": "Feature",
      "geometry": {
        "type": "Point",
        "coordinates": [
          -51.821285,
          -21.024225
        ]
      },
      "properties": {
        "UP": "T1DF",
        "FAZENDA": "MATEBERI (PLANALTO VERDE)",
        "AREA_HA": 1335.77803,
        "NUCLEO": "MS1"
      }
    },
    {
      "type": "Feature",
      "geometry": {
        "type": "Point",
        "coordinates": [
          -52.053945,
          -21.315959
        ]
      },
      "properties": {
        "UP": "T2A0",
        "FAZENDA": "ALVORADA II  (F-H145 )",
        "AREA_HA": 240.056125,
        "NUCLEO": "MS2"
      }
    },
    {
      "type": "Feature",
      "geometry": {
        "type": "Point",
        "coordinates": [
          -52.138442,
          -21.307039
        ]
      },
      "properties": {
        "UP": "T2A1",
        "FAZENDA": "ALVORADA III  (F-H247 )",
        "AREA_HA": 804.791237,
        "NUCLEO": "MS2"
      }
    },
    {
      "type": "Feature",
      "geometry": {
        "type": "Point",
        "coordinates": [
          -52.093285,
          -21.29284
        ]
      },
      "properties": {
        "UP": "T2A3",
        "FAZENDA": "ALVORADA JARDIM II  (F-H146 )",
        "AREA_HA": 409.401188,
        "NUCLEO": "MS2"
      }
    },
    {
      "type": "Feature",
      "geometry": {
        "type": "Point",
        "coordinates": [
          -52.1144,
          -21.280218
        ]
      },
      "properties": {
        "UP": "T2A4",
        "FAZENDA": "BOM JARDIM  (F-H245 )",
        "AREA_HA": 298.298714,
        "NUCLEO": "MS2"
      }
    },
    {
      "type": "Feature",
      "geometry": {
        "type": "Point",
        "coordinates": [
          -52.322853,
          -21.279432
        ]
      },
      "properties": {
        "UP": "T2A5",
        "FAZENDA": "BOA ESPERANÇA II  (F-H223 )",
        "AREA_HA": 8500.90159,
        "NUCLEO": "MS2"
      }
    },
    {
      "type": "Feature",
      "geometry": {
        "type": "Point",
        "coordinates": [
          -52.122954,
          -21.276479
        ]
      },
      "properties": {
        "UP": "T2A7",
        "FAZENDA": "BOM JARDIM II  (F-H246 )",
        "AREA_HA": 180.069546,
        "NUCLEO": "MS2"
      }
    },
    {
      "type": "Feature",
      "geometry": {
        "type": "Point",
        "coordinates": [
          -52.226068,
          -21.25891
        ]
      },
      "properties": {
        "UP": "T2A8",
        "FAZENDA": "ATLÂNTIDA  (F-H093 )",
        "AREA_HA": 2429.732422,
        "NUCLEO": "MS2"
      }
    },
    {
      "type": "Feature",
      "geometry": {
        "type": "Point",
        "coordinates": [
          -52.759105,
          -21.237284
        ]
      },
      "properties": {
        "UP": "T2A9",
        "FAZENDA": "MONTE ALTO  (F-H287 )",
        "AREA_HA": 2792.646063,
        "NUCLEO": "MS2"
      }
    },
    {
      "type": "Feature",
      "geometry": {
        "type": "Point",
        "coordinates": [
          -52.580947,
          -21.740581
        ]
      },
      "properties": {
        "UP": "T2AA",
        "FAZENDA": "FIGUEIRA  (F-H296 )",
        "AREA_HA": 866.297844,
        "NUCLEO": "MS2"
      }
    },
    {
      "type": "Feature",
      "geometry": {
        "type": "Point",
        "coordinates": [
          -52.672658,
          -21.706169
        ]
      },
      "properties": {
        "UP": "T2AB",
        "FAZENDA": "SAO JOSE VI  (F-H263 )",
        "AREA_HA": 3773.361459,
        "NUCLEO": "MS2"
      }
    },
    {
      "type": "Feature",
      "geometry": {
        "type": "Point",
        "coordinates": [
          -52.670956,
          -21.672934
        ]
      },
      "properties": {
        "UP": "T2AC",
        "FAZENDA": "DIVISAO  (F-H275 )",
        "AREA_HA": 444.31898,
        "NUCLEO": "MS2"
      }
    },
    {
      "type": "Feature",
      "geometry": {
        "type": "Point",
        "coordinates": [
          -52.703443,
          -21.659927
        ]
      },
      "properties": {
        "UP": "T2AD",
        "FAZENDA": "SAO JOSE V  (F-H255 )",
        "AREA_HA": 2510.987293,
        "NUCLEO": "MS2"
      }
    },
    {
      "type": "Feature",
      "geometry": {
        "type": "Point",
        "coordinates": [
          -52.368318,
          -21.638934
        ]
      },
      "properties": {
        "UP": "T2AE",
        "FAZENDA": "CONQUISTA II  (F-H191 )",
        "AREA_HA": 929.612685,
        "NUCLEO": "MS2"
      }
    },
    {
      "type": "Feature",
      "geometry": {
        "type": "Point",
        "coordinates": [
          -52.779257,
          -21.573048
        ]
      },
      "properties": {
        "UP": "T2AF",
        "FAZENDA": "INDAIA  (F-H294 )",
        "AREA_HA": 521.938147,
        "NUCLEO": "MS2"
      }
    },
    {
      "type": "Feature",
      "geometry": {
        "type": "Point",
        "coordinates": [
          -52.198454,
          -21.404359
        ]
      },
      "properties": {
        "UP": "T2AG",
        "FAZENDA": "SANTA ROSA IV  (F-H242 )",
        "AREA_HA": 10318.59137,
        "NUCLEO": "MS2"
      }
    },
    {
      "type": "Feature",
      "geometry": {
        "type": "Point",
        "coordinates": [
          -52.081266,
          -21.401736
        ]
      },
      "properties": {
        "UP": "T2AI",
        "FAZENDA": "BARRA DO CEDRO  (F-H231 )",
        "AREA_HA": 2831.27026,
        "NUCLEO": "MS2"
      }
    },
    {
      "type": "Feature",
      "geometry": {
        "type": "Point",
        "coordinates": [
          -52.347257,
          -21.393936
        ]
      },
      "properties": {
        "UP": "T2AJ",
        "FAZENDA": "CANAVIEIRA  (F-H141 )",
        "AREA_HA": 3016.741114,
        "NUCLEO": "MS2"
      }
    },
    {
      "type": "Feature",
      "geometry": {
        "type": "Point",
        "coordinates": [
          -52.114939,
          -21.382557
        ]
      },
      "properties": {
        "UP": "T2AK",
        "FAZENDA": "SANTA LUZIA IV  (F-H227 )",
        "AREA_HA": 1368.433897,
        "NUCLEO": "MS2"
      }
    },
    {
      "type": "Feature",
      "geometry": {
        "type": "Point",
        "coordinates": [
          -52.751697,
          -21.37514
        ]
      },
      "properties": {
        "UP": "T2AL",
        "FAZENDA": "SÃO JOÃO IV  (F-H288 )",
        "AREA_HA": 1198.578735,
        "NUCLEO": "MS2"
      }
    },
    {
      "type": "Feature",
      "geometry": {
        "type": "Point",
        "coordinates": [
          -52.301915,
          -21.372335
        ]
      },
      "properties": {
        "UP": "T2AM",
        "FAZENDA": "MIRACEMA  (F-H237 )",
        "AREA_HA": 1673.82923,
        "NUCLEO": "MS2"
      }
    },
    {
      "type": "Feature",
      "geometry": {
        "type": "Point",
        "coordinates": [
          -52.292892,
          -21.349651
        ]
      },
      "properties": {
        "UP": "T2AO",
        "FAZENDA": "SANTA ROSA III  (F-H230 )",
        "AREA_HA": 2734.384015,
        "NUCLEO": "MS2"
      }
    },
    {
      "type": "Feature",
      "geometry": {
        "type": "Point",
        "coordinates": [
          -52.406001,
          -21.347049
        ]
      },
      "properties": {
        "UP": "T2AP",
        "FAZENDA": "ANTARES  (F-H224 )",
        "AREA_HA": 11640.17676,
        "NUCLEO": "MS2"
      }
    },
    {
      "type": "Feature",
      "geometry": {
        "type": "Point",
        "coordinates": [
          -52.138685,
          -21.343182
        ]
      },
      "properties": {
        "UP": "T2AR",
        "FAZENDA": "SANTA ROSA II  (F-H229 )",
        "AREA_HA": 2002.767375,
        "NUCLEO": "MS2"
      }
    },
    {
      "type": "Feature",
      "geometry": {
        "type": "Point",
        "coordinates": [
          -52.102444,
          -21.327624
        ]
      },
      "properties": {
        "UP": "T2AS",
        "FAZENDA": "RANCHO DO ROSÁRIO  (F-H203 )",
        "AREA_HA": 748.105577,
        "NUCLEO": "MS2"
      }
    },
    {
      "type": "Feature",
      "geometry": {
        "type": "Point",
        "coordinates": [
          -52.030535,
          -21.322963
        ]
      },
      "properties": {
        "UP": "T2AT",
        "FAZENDA": "FAVEIRO DO RIO VERDE III  (F-H260 )",
        "AREA_HA": 219.760121,
        "NUCLEO": "MS2"
      }
    },
    {
      "type": "Feature",
      "geometry": {
        "type": "Point",
        "coordinates": [
          -52.211495,
          -21.321796
        ]
      },
      "properties": {
        "UP": "T2AU",
        "FAZENDA": "CAMPO LIMPO  (F-H232 )",
        "AREA_HA": 5489.412356,
        "NUCLEO": "MS2"
      }
    },
    {
      "type": "Feature",
      "geometry": {
        "type": "Point",
        "coordinates": [
          -52.040527,
          -21.318683
        ]
      },
      "properties": {
        "UP": "T2AV",
        "FAZENDA": "ALVORADA DO JARDIM  (F-H144 )",
        "AREA_HA": 374.641896,
        "NUCLEO": "MS2"
      }
    },
    {
      "type": "Feature",
      "geometry": {
        "type": "Point",
        "coordinates": [
          -52.033616,
          -21.318681
        ]
      },
      "properties": {
        "UP": "T2AW",
        "FAZENDA": "SÃO CRISTOVÃO  (F-H211 )",
        "AREA_HA": 220.781374,
        "NUCLEO": "MS2"
      }
    },
    {
      "type": "Feature",
      "geometry": {
        "type": "Point",
        "coordinates": [
          -52.046863,
          -21.316241
        ]
      },
      "properties": {
        "UP": "T2AX",
        "FAZENDA": "SÃO SEBASTIÃO  (F-H149 )",
        "AREA_HA": 254.405891,
        "NUCLEO": "MS2"
      }
    },
    {
      "type": "Feature",
      "geometry": {
        "type": "Point",
        "coordinates": [
          -52.674555,
          -21.320088
        ]
      },
      "properties": {
        "UP": "T2AY",
        "FAZENDA": "SAO JORGE  (F-H252 )",
        "AREA_HA": 450.748875,
        "NUCLEO": "MS2"
      }
    },
    {
      "type": "Feature",
      "geometry": {
        "type": "Point",
        "coordinates": [
          -52.117753,
          -21.315725
        ]
      },
      "properties": {
        "UP": "T2AZ",
        "FAZENDA": "IPE  (F-H272 )",
        "AREA_HA": 751.840338,
        "NUCLEO": "MS2"
      }
    },
    {
      "type": "Feature",
      "geometry": {
        "type": "Point",
        "coordinates": [
          -52.096952,
          -21.232037
        ]
      },
      "properties": {
        "UP": "T2BA",
        "FAZENDA": "BRASILÂNDIA  (F-H080 )",
        "AREA_HA": 676.942964,
        "NUCLEO": "MS2"
      }
    },
    {
      "type": "Feature",
      "geometry": {
        "type": "Point",
        "coordinates": [
          -52.188486,
          -21.231705
        ]
      },
      "properties": {
        "UP": "T2BB",
        "FAZENDA": "COQUEIRINHO  (F-H286 )",
        "AREA_HA": 1293.672901,
        "NUCLEO": "MS2"
      }
    },
    {
      "type": "Feature",
      "geometry": {
        "type": "Point",
        "coordinates": [
          -52.041394,
          -21.226356
        ]
      },
      "properties": {
        "UP": "T2BC",
        "FAZENDA": "JANDAIA  (F-H041 )",
        "AREA_HA": 582.376331,
        "NUCLEO": "MS2"
      }
    },
    {
      "type": "Feature",
      "geometry": {
        "type": "Point",
        "coordinates": [
          -52.257173,
          -21.219338
        ]
      },
      "properties": {
        "UP": "T2BD",
        "FAZENDA": "NELORINHA  (F-H077 )",
        "AREA_HA": 966.444293,
        "NUCLEO": "MS2"
      }
    },
    {
      "type": "Feature",
      "geometry": {
        "type": "Point",
        "coordinates": [
          -52.031535,
          -21.214705
        ]
      },
      "properties": {
        "UP": "T2BE",
        "FAZENDA": "PORTAL  (F-H065 )",
        "AREA_HA": 433.518036,
        "NUCLEO": "MS2"
      }
    },
    {
      "type": "Feature",
      "geometry": {
        "type": "Point",
        "coordinates": [
          -52.167863,
          -21.204755
        ]
      },
      "properties": {
        "UP": "T2BF",
        "FAZENDA": "BRASILÂNDIA II  (F-H301 )",
        "AREA_HA": 1081.109477,
        "NUCLEO": "MS2"
      }
    },
    {
      "type": "Feature",
      "geometry": {
        "type": "Point",
        "coordinates": [
          -52.049869,
          -21.19446
        ]
      },
      "properties": {
        "UP": "T2BG",
        "FAZENDA": "JUALLEBRU II  (F-H197 )",
        "AREA_HA": 436.44894,
        "NUCLEO": "MS2"
      }
    },
    {
      "type": "Feature",
      "geometry": {
        "type": "Point",
        "coordinates": [
          -52.08629,
          -21.186334
        ]
      },
      "properties": {
        "UP": "T2BH",
        "FAZENDA": "SANTA LUZIA II  (F-H199 )",
        "AREA_HA": 325.385366,
        "NUCLEO": "MS2"
      }
    },
    {
      "type": "Feature",
      "geometry": {
        "type": "Point",
        "coordinates": [
          -52.04672,
          -21.179642
        ]
      },
      "properties": {
        "UP": "T2BI",
        "FAZENDA": "ANA NERY  (F-H174 )",
        "AREA_HA": 1043.252337,
        "NUCLEO": "MS2"
      }
    },
    {
      "type": "Feature",
      "geometry": {
        "type": "Point",
        "coordinates": [
          -52.111227,
          -21.178674
        ]
      },
      "properties": {
        "UP": "T2BJ",
        "FAZENDA": "ESTANCIA ANELISA  (F-H282 )",
        "AREA_HA": 165.555462,
        "NUCLEO": "MS2"
      }
    },
    {
      "type": "Feature",
      "geometry": {
        "type": "Point",
        "coordinates": [
          -52.149172,
          -21.170512
        ]
      },
      "properties": {
        "UP": "T2BK",
        "FAZENDA": "FORMOSO GLEBA A  (F-H243 )",
        "AREA_HA": 474.470849,
        "NUCLEO": "MS2"
      }
    },
    {
      "type": "Feature",
      "geometry": {
        "type": "Point",
        "coordinates": [
          -52.101579,
          -21.169626
        ]
      },
      "properties": {
        "UP": "T2BL",
        "FAZENDA": "SANTA LUZIA III  (F-H200 )",
        "AREA_HA": 384.516081,
        "NUCLEO": "MS2"
      }
    },
    {
      "type": "Feature",
      "geometry": {
        "type": "Point",
        "coordinates": [
          -52.064655,
          -21.154032
        ]
      },
      "properties": {
        "UP": "T2BM",
        "FAZENDA": "SÃO JOSÉ II  (F-H196 )",
        "AREA_HA": 632.787788,
        "NUCLEO": "MS2"
      }
    },
    {
      "type": "Feature",
      "geometry": {
        "type": "Point",
        "coordinates": [
          -52.023245,
          -21.133807
        ]
      },
      "properties": {
        "UP": "T2BN",
        "FAZENDA": "SANTO ANTONIO  (F-H172 )",
        "AREA_HA": 488.095984,
        "NUCLEO": "MS2"
      }
    },
    {
      "type": "Feature",
      "geometry": {
        "type": "Point",
        "coordinates": [
          -52.085952,
          -21.117713
        ]
      },
      "properties": {
        "UP": "T2BO",
        "FAZENDA": "SAO DOMINGOS  (F-H048 )",
        "AREA_HA": 2069.67148,
        "NUCLEO": "MS2"
      }
    },
    {
      "type": "Feature",
      "geometry": {
        "type": "Point",
        "coordinates": [
          -52.048443,
          -21.11184
        ]
      },
      "properties": {
        "UP": "T2BP",
        "FAZENDA": "SANTO ANTONIO II  (F-H171 )",
        "AREA_HA": 585.746046,
        "NUCLEO": "MS2"
      }
    },
    {
      "type": "Feature",
      "geometry": {
        "type": "Point",
        "coordinates": [
          -52.702598,
          -21.519018
        ]
      },
      "properties": {
        "UP": "T2BQ",
        "FAZENDA": "SANTA LUZIA VI",
        "AREA_HA": 3141.791411,
        "NUCLEO": "MS2"
      }
    },
    {
      "type": "Feature",
      "geometry": {
        "type": "Point",
        "coordinates": [
          -52.581632,
          -21.446522
        ]
      },
      "properties": {
        "UP": "T2BR",
        "FAZENDA": "SANTA MARIA IX",
        "AREA_HA": 2279.249477,
        "NUCLEO": "MS2"
      }
    },
    {
      "type": "Feature",
      "geometry": {
        "type": "Point",
        "coordinates": [
          -52.709923,
          -21.389347
        ]
      },
      "properties": {
        "UP": "T2BS",
        "FAZENDA": "POUSO ALTO I",
        "AREA_HA": 1572.654979,
        "NUCLEO": "MS2"
      }
    },
    {
      "type": "Feature",
      "geometry": {
        "type": "Point",
        "coordinates": [
          -52.686824,
          -21.453663
        ]
      },
      "properties": {
        "UP": "T2BT",
        "FAZENDA": "SANTA LUZIA VII",
        "AREA_HA": 3951.160071,
        "NUCLEO": "MS2"
      }
    },
    {
      "type": "Feature",
      "geometry": {
        "type": "Point",
        "coordinates": [
          -52.64737,
          -21.580678
        ]
      },
      "properties": {
        "UP": "T2BU",
        "FAZENDA": "TRÊS IRMÃOS",
        "AREA_HA": 4697.305044,
        "NUCLEO": "MS2"
      }
    },
    {
      "type": "Feature",
      "geometry": {
        "type": "Point",
        "coordinates": [
          -52.70322,
          -21.574426
        ]
      },
      "properties": {
        "UP": "T2BV",
        "FAZENDA": "BORDON",
        "AREA_HA": 1905.9994,
        "NUCLEO": "MS2"
      }
    },
    {
      "type": "Feature",
      "geometry": {
        "type": "Point",
        "coordinates": [
          -52.800073,
          -21.939284
        ]
      },
      "properties": {
        "UP": "T2BW",
        "FAZENDA": "NOSSA SENHORA APARECIDA VI",
        "AREA_HA": 1028.452137,
        "NUCLEO": "MS2"
      }
    },
    {
      "type": "Feature",
      "geometry": {
        "type": "Point",
        "coordinates": [
          -52.556618,
          -21.803712
        ]
      },
      "properties": {
        "UP": "T2BX",
        "FAZENDA": "CABECEIRA II",
        "AREA_HA": 224.051338,
        "NUCLEO": "MS2"
      }
    },
    {
      "type": "Feature",
      "geometry": {
        "type": "Point",
        "coordinates": [
          -52.269401,
          -21.300313
        ]
      },
      "properties": {
        "UP": "T2BY",
        "FAZENDA": "SÃO JOSÉ VII",
        "AREA_HA": 3838.651296,
        "NUCLEO": "MS2"
      }
    },
    {
      "type": "Feature",
      "geometry": {
        "type": "Point",
        "coordinates": [
          -51.734391,
          -20.647345
        ]
      },
      "properties": {
        "UP": "T3AA",
        "FAZENDA": "PARANOÁ  (F-H076 )",
        "AREA_HA": 1987.779744,
        "NUCLEO": "MS3"
      }
    },
    {
      "type": "Feature",
      "geometry": {
        "type": "Point",
        "coordinates": [
          -51.6474,
          -20.625555
        ]
      },
      "properties": {
        "UP": "T3AB",
        "FAZENDA": "SÃO FRANCISCO II  (F-H069 )",
        "AREA_HA": 489.782116,
        "NUCLEO": "MS3"
      }
    },
    {
      "type": "Feature",
      "geometry": {
        "type": "Point",
        "coordinates": [
          -51.756772,
          -20.619605
        ]
      },
      "properties": {
        "UP": "T3AC",
        "FAZENDA": "DOM THOMAS IV  (F-H082 )",
        "AREA_HA": 187.268877,
        "NUCLEO": "MS3"
      }
    },
    {
      "type": "Feature",
      "geometry": {
        "type": "Point",
        "coordinates": [
          -51.702469,
          -20.602398
        ]
      },
      "properties": {
        "UP": "T3AE",
        "FAZENDA": "PONTAL  (F-H009 )",
        "AREA_HA": 1132.215043,
        "NUCLEO": "MS3"
      }
    },
    {
      "type": "Feature",
      "geometry": {
        "type": "Point",
        "coordinates": [
          -51.73424,
          -20.541686
        ]
      },
      "properties": {
        "UP": "T3AF",
        "FAZENDA": "PONTEIO  (F-H067 )",
        "AREA_HA": 1312.559782,
        "NUCLEO": "MS3"
      }
    },
    {
      "type": "Feature",
      "geometry": {
        "type": "Point",
        "coordinates": [
          -51.705408,
          -20.5362
        ]
      },
      "properties": {
        "UP": "T3AG",
        "FAZENDA": "LAGOA  (F-H110 )",
        "AREA_HA": 880.195443,
        "NUCLEO": "MS3"
      }
    },
    {
      "type": "Feature",
      "geometry": {
        "type": "Point",
        "coordinates": [
          -51.812042,
          -20.517968
        ]
      },
      "properties": {
        "UP": "T3AH",
        "FAZENDA": "SANTO ANTONIO V  (F-H273 )",
        "AREA_HA": 829.879076,
        "NUCLEO": "MS3"
      }
    },
    {
      "type": "Feature",
      "geometry": {
        "type": "Point",
        "coordinates": [
          -51.607563,
          -20.487353
        ]
      },
      "properties": {
        "UP": "T3AI",
        "FAZENDA": "SANTA CLARA II  (F-H207 )",
        "AREA_HA": 1597.317431,
        "NUCLEO": "MS3"
      }
    },
    {
      "type": "Feature",
      "geometry": {
        "type": "Point",
        "coordinates": [
          -51.804601,
          -20.416047
        ]
      },
      "properties": {
        "UP": "T3AJ",
        "FAZENDA": "MATÃO  (F-H010 )",
        "AREA_HA": 16832.80142,
        "NUCLEO": "MS3"
      }
    },
    {
      "type": "Feature",
      "geometry": {
        "type": "Point",
        "coordinates": [
          -51.69198,
          -20.392998
        ]
      },
      "properties": {
        "UP": "T3AM",
        "FAZENDA": "PARQUE FLORESTAL ERVA VIII  (F-H239 )",
        "AREA_HA": 2670.691742,
        "NUCLEO": "MS3"
      }
    },
    {
      "type": "Feature",
      "geometry": {
        "type": "Point",
        "coordinates": [
          -51.952432,
          -20.38546
        ]
      },
      "properties": {
        "UP": "T3AN",
        "FAZENDA": "SÃO LOURENÇO  (F-H072 )",
        "AREA_HA": 484.071661,
        "NUCLEO": "MS3"
      }
    },
    {
      "type": "Feature",
      "geometry": {
        "type": "Point",
        "coordinates": [
          -51.888651,
          -20.381558
        ]
      },
      "properties": {
        "UP": "T3AO",
        "FAZENDA": "ESMERALDA  (F-H068 )",
        "AREA_HA": 848.936421,
        "NUCLEO": "MS3"
      }
    },
    {
      "type": "Feature",
      "geometry": {
        "type": "Point",
        "coordinates": [
          -51.936419,
          -20.370208
        ]
      },
      "properties": {
        "UP": "T3AP",
        "FAZENDA": "SANTA CRISTINA  (F-H095 )",
        "AREA_HA": 1076.568677,
        "NUCLEO": "MS3"
      }
    },
    {
      "type": "Feature",
      "geometry": {
        "type": "Point",
        "coordinates": [
          -51.923621,
          -20.349563
        ]
      },
      "properties": {
        "UP": "T3AQ",
        "FAZENDA": "SANTA MÔNICA  (F-H108 )",
        "AREA_HA": 1108.880939,
        "NUCLEO": "MS3"
      }
    },
    {
      "type": "Feature",
      "geometry": {
        "type": "Point",
        "coordinates": [
          -51.698117,
          -20.347084
        ]
      },
      "properties": {
        "UP": "T3AR",
        "FAZENDA": "FANTASIA  (F-H164 )",
        "AREA_HA": 1986.776771,
        "NUCLEO": "MS3"
      }
    },
    {
      "type": "Feature",
      "geometry": {
        "type": "Point",
        "coordinates": [
          -51.847444,
          -20.342172
        ]
      },
      "properties": {
        "UP": "T3AS",
        "FAZENDA": "SÃO FRANCISCO  (F-H023 )",
        "AREA_HA": 911.440934,
        "NUCLEO": "MS3"
      }
    },
    {
      "type": "Feature",
      "geometry": {
        "type": "Point",
        "coordinates": [
          -51.913182,
          -20.325721
        ]
      },
      "properties": {
        "UP": "T3AT",
        "FAZENDA": "SANTA MARIA III  (F-H081 )",
        "AREA_HA": 1022.348993,
        "NUCLEO": "MS3"
      }
    },
    {
      "type": "Feature",
      "geometry": {
        "type": "Point",
        "coordinates": [
          -51.704109,
          -20.286156
        ]
      },
      "properties": {
        "UP": "T3AU",
        "FAZENDA": "TRÊS IRMÃOS II  (F-H198 )",
        "AREA_HA": 471.201618,
        "NUCLEO": "MS3"
      }
    },
    {
      "type": "Feature",
      "geometry": {
        "type": "Point",
        "coordinates": [
          -51.770625,
          -20.260042
        ]
      },
      "properties": {
        "UP": "T3AV",
        "FAZENDA": "YACIMA  (F-H158 )",
        "AREA_HA": 2177.934297,
        "NUCLEO": "MS3"
      }
    },
    {
      "type": "Feature",
      "geometry": {
        "type": "Point",
        "coordinates": [
          -51.131371,
          -20.060235
        ]
      },
      "properties": {
        "UP": "T3AW",
        "FAZENDA": "BOA ESPERANÇA III  (F-H240 )",
        "AREA_HA": 109.852799,
        "NUCLEO": "MS3"
      }
    },
    {
      "type": "Feature",
      "geometry": {
        "type": "Point",
        "coordinates": [
          -51.745756,
          -20.003859
        ]
      },
      "properties": {
        "UP": "T3AX",
        "FAZENDA": "ESTRELA  (F-H281 )",
        "AREA_HA": 2210.633889,
        "NUCLEO": "MS3"
      }
    },
    {
      "type": "Feature",
      "geometry": {
        "type": "Point",
        "coordinates": [
          -51.781157,
          -19.987872
        ]
      },
      "properties": {
        "UP": "T3AY",
        "FAZENDA": "JOAMAR  (F-H292 )",
        "AREA_HA": 1702.099043,
        "NUCLEO": "MS3"
      }
    },
    {
      "type": "Feature",
      "geometry": {
        "type": "Point",
        "coordinates": [
          -51.706994,
          -20.639407
        ]
      },
      "properties": {
        "UP": "T3BA",
        "FAZENDA": "PARANOÁ II",
        "AREA_HA": 254.778784,
        "NUCLEO": "MS3"
      }
    },
    {
      "type": "Feature",
      "geometry": {
        "type": "Point",
        "coordinates": [
          -51.846066,
          -19.76339
        ]
      },
      "properties": {
        "UP": "T3BB",
        "FAZENDA": "SANTA ROSA",
        "AREA_HA": 65.25425,
        "NUCLEO": "MS3"
      }
    },
    {
      "type": "Feature",
      "geometry": {
        "type": "Point",
        "coordinates": [
          -51.753728,
          -20.625294
        ]
      },
      "properties": {
        "UP": "T3BC",
        "FAZENDA": "SANTA ANGÉLICA",
        "AREA_HA": 229.690135,
        "NUCLEO": "MS3"
      }
    },
    {
      "type": "Feature",
      "geometry": {
        "type": "Point",
        "coordinates": [
          -51.781492,
          -19.978191
        ]
      },
      "properties": {
        "UP": "T3BD",
        "FAZENDA": "JOAMAR II",
        "AREA_HA": 168.640576,
        "NUCLEO": "MS3"
      }
    },
    {
      "type": "Feature",
      "geometry": {
        "type": "Point",
        "coordinates": [
          -51.670646,
          -19.970978
        ]
      },
      "properties": {
        "UP": "T3BE",
        "FAZENDA": "ESTRELA E SANTO EXPEDITO",
        "AREA_HA": 1865.123226,
        "NUCLEO": "MS3"
      }
    },
    {
      "type": "Feature",
      "geometry": {
        "type": "Point",
        "coordinates": [
          -51.884228,
          -19.969459
        ]
      },
      "properties": {
        "UP": "T3BF",
        "FAZENDA": "NOSSA SENHORA APARECIDA VII",
        "AREA_HA": 365.953003,
        "NUCLEO": "MS3"
      }
    },
    {
      "type": "Feature",
      "geometry": {
        "type": "Point",
        "coordinates": [
          -52.306349,
          -19.473005
        ]
      },
      "properties": {
        "UP": "T3BG",
        "FAZENDA": "UNIÃO SÃO PEDRO",
        "AREA_HA": 9507.690875,
        "NUCLEO": "MS3"
      }
    },
    {
      "type": "Feature",
      "geometry": {
        "type": "Point",
        "coordinates": [
          -51.844902,
          -19.950654
        ]
      },
      "properties": {
        "UP": "T3BH",
        "FAZENDA": "CONQUISTA E NOVA CONQUISTA",
        "AREA_HA": 2625.056296,
        "NUCLEO": "MS3"
      }
    },
    {
      "type": "Feature",
      "geometry": {
        "type": "Point",
        "coordinates": [
          -52.079649,
          -19.483279
        ]
      },
      "properties": {
        "UP": "T3BI",
        "FAZENDA": "NOSSA SENHORA",
        "AREA_HA": 2902.956729,
        "NUCLEO": "MS3"
      }
    },
    {
      "type": "Feature",
      "geometry": {
        "type": "Point",
        "coordinates": [
          -52.174134,
          -19.261427
        ]
      },
      "properties": {
        "UP": "T3BJ",
        "FAZENDA": "RIO MANSO",
        "AREA_HA": 1882.460127,
        "NUCLEO": "MS3"
      }
    },
    {
      "type": "Feature",
      "geometry": {
        "type": "Point",
        "coordinates": [
          -52.111773,
          -19.336053
        ]
      },
      "properties": {
        "UP": "T3BK",
        "FAZENDA": "CARVALHO",
        "AREA_HA": 1227.86159,
        "NUCLEO": "MS3"
      }
    },
    {
      "type": "Feature",
      "geometry": {
        "type": "Point",
        "coordinates": [
          -52.147533,
          -19.295252
        ]
      },
      "properties": {
        "UP": "T3BL",
        "FAZENDA": "TRÊS MARIAS II",
        "AREA_HA": 2996.744253,
        "NUCLEO": "MS3"
      }
    },
    {
      "type": "Feature",
      "geometry": {
        "type": "Point",
        "coordinates": [
          -52.030553,
          -19.254603
        ]
      },
      "properties": {
        "UP": "T3BM",
        "FAZENDA": "JIII",
        "AREA_HA": 1947.884455,
        "NUCLEO": "MS3"
      }
    },
    {
      "type": "Feature",
      "geometry": {
        "type": "Point",
        "coordinates": [
          -52.131072,
          -19.365938
        ]
      },
      "properties": {
        "UP": "T3BN",
        "FAZENDA": "SÃO JUDAS TADEU III",
        "AREA_HA": 732.461245,
        "NUCLEO": "MS3"
      }
    },
    {
      "type": "Feature",
      "geometry": {
        "type": "Point",
        "coordinates": [
          -51.963288,
          -19.120491
        ]
      },
      "properties": {
        "UP": "T3BO",
        "FAZENDA": "V-11",
        "AREA_HA": 1707.97362,
        "NUCLEO": "MS3"
      }
    },
    {
      "type": "Feature",
      "geometry": {
        "type": "Point",
        "coordinates": [
          -51.760336,
          -20.052857
        ]
      },
      "properties": {
        "UP": "T3BP",
        "FAZENDA": "ALVORECER",
        "AREA_HA": 868.647919,
        "NUCLEO": "MS3"
      }
    },
    {
      "type": "Feature",
      "geometry": {
        "type": "Point",
        "coordinates": [
          -52.067541,
          -19.447651
        ]
      },
      "properties": {
        "UP": "T3BQ",
        "FAZENDA": "SANTA MERCEDES",
        "AREA_HA": 585.306483,
        "NUCLEO": "MS3"
      }
    },
    {
      "type": "Feature",
      "geometry": {
        "type": "Point",
        "coordinates": [
          -51.989165,
          -19.145285
        ]
      },
      "properties": {
        "UP": "T3BR",
        "FAZENDA": "SANTA HELENA II",
        "AREA_HA": 3417.626206,
        "NUCLEO": "MS3"
      }
    },
    {
      "type": "Feature",
      "geometry": {
        "type": "Point",
        "coordinates": [
          -52.084764,
          -19.196038
        ]
      },
      "properties": {
        "UP": "T3BS",
        "FAZENDA": "SÃO JOSÉ VIII",
        "AREA_HA": 148.265551,
        "NUCLEO": "MS3"
      }
    },
    {
      "type": "Feature",
      "geometry": {
        "type": "Point",
        "coordinates": [
          -52.093708,
          -19.190498
        ]
      },
      "properties": {
        "UP": "T3BT",
        "FAZENDA": "SÃO JOSÉ IX",
        "AREA_HA": 157.537387,
        "NUCLEO": "MS3"
      }
    },
    {
      "type": "Feature",
      "geometry": {
        "type": "Point",
        "coordinates": [
          -51.852494,
          -19.764737
        ]
      },
      "properties": {
        "UP": "T3BU",
        "FAZENDA": "DOIS CORAÇÕES",
        "AREA_HA": 3.920751,
        "NUCLEO": "MS3"
      }
    },
    {
      "type": "Feature",
      "geometry": {
        "type": "Point",
        "coordinates": [
          -52.286036,
          -20.942429
        ]
      },
      "properties": {
        "UP": "T4AA",
        "FAZENDA": "PILARES II  (F-H274 )",
        "AREA_HA": 1337.841548,
        "NUCLEO": "MS4"
      }
    },
    {
      "type": "Feature",
      "geometry": {
        "type": "Point",
        "coordinates": [
          -52.304703,
          -20.929729
        ]
      },
      "properties": {
        "UP": "T4AB",
        "FAZENDA": "PILARES III  (F-H293 )",
        "AREA_HA": 726.251819,
        "NUCLEO": "MS4"
      }
    },
    {
      "type": "Feature",
      "geometry": {
        "type": "Point",
        "coordinates": [
          -52.317316,
          -20.91963
        ]
      },
      "properties": {
        "UP": "T4AC",
        "FAZENDA": "PILARES  (F-H155 )",
        "AREA_HA": 454.426359,
        "NUCLEO": "MS4"
      }
    },
    {
      "type": "Feature",
      "geometry": {
        "type": "Point",
        "coordinates": [
          -52.233073,
          -20.920761
        ]
      },
      "properties": {
        "UP": "T4AD",
        "FAZENDA": "RIO VERDE A  (F-H007 )",
        "AREA_HA": 19452.59418,
        "NUCLEO": "MS4"
      }
    },
    {
      "type": "Feature",
      "geometry": {
        "type": "Point",
        "coordinates": [
          -52.073998,
          -20.906192
        ]
      },
      "properties": {
        "UP": "T4AG",
        "FAZENDA": "NOVA ESPERANÇA  (F-H070 )",
        "AREA_HA": 1103.461677,
        "NUCLEO": "MS4"
      }
    },
    {
      "type": "Feature",
      "geometry": {
        "type": "Point",
        "coordinates": [
          -52.185428,
          -20.880191
        ]
      },
      "properties": {
        "UP": "T4AH",
        "FAZENDA": "NOVOS TEMPOS  (F-H074 )",
        "AREA_HA": 1107.649684,
        "NUCLEO": "MS4"
      }
    },
    {
      "type": "Feature",
      "geometry": {
        "type": "Point",
        "coordinates": [
          -52.066661,
          -20.863196
        ]
      },
      "properties": {
        "UP": "T4AI",
        "FAZENDA": "BURITI ALEGRE  (F-H064 )",
        "AREA_HA": 895.816323,
        "NUCLEO": "MS4"
      }
    },
    {
      "type": "Feature",
      "geometry": {
        "type": "Point",
        "coordinates": [
          -52.205067,
          -20.863144
        ]
      },
      "properties": {
        "UP": "T4AJ",
        "FAZENDA": "SANTANA  (F-H092 )",
        "AREA_HA": 378.207911,
        "NUCLEO": "MS4"
      }
    },
    {
      "type": "Feature",
      "geometry": {
        "type": "Point",
        "coordinates": [
          -52.300232,
          -20.860524
        ]
      },
      "properties": {
        "UP": "T4AK",
        "FAZENDA": "MILLENIUM  (F-H201 )",
        "AREA_HA": 4431.481196,
        "NUCLEO": "MS4"
      }
    },
    {
      "type": "Feature",
      "geometry": {
        "type": "Point",
        "coordinates": [
          -52.399349,
          -20.835395
        ]
      },
      "properties": {
        "UP": "T4AL",
        "FAZENDA": "SÃO MARCOS  (F-H102 )",
        "AREA_HA": 5970.202231,
        "NUCLEO": "MS4"
      }
    },
    {
      "type": "Feature",
      "geometry": {
        "type": "Point",
        "coordinates": [
          -52.090906,
          -20.801006
        ]
      },
      "properties": {
        "UP": "T4AM",
        "FAZENDA": "TRÊS IRMÃOS  (F-H086 )",
        "AREA_HA": 256.360248,
        "NUCLEO": "MS4"
      }
    },
    {
      "type": "Feature",
      "geometry": {
        "type": "Point",
        "coordinates": [
          -52.23874,
          -20.800192
        ]
      },
      "properties": {
        "UP": "T4AN",
        "FAZENDA": "SANTA MATHILDE  (F-H290 )",
        "AREA_HA": 449.098837,
        "NUCLEO": "MS4"
      }
    },
    {
      "type": "Feature",
      "geometry": {
        "type": "Point",
        "coordinates": [
          -52.084383,
          -20.793948
        ]
      },
      "properties": {
        "UP": "T4AO",
        "FAZENDA": "SAO JUDAS TADEU  (F-H302 )",
        "AREA_HA": 172.264622,
        "NUCLEO": "MS4"
      }
    },
    {
      "type": "Feature",
      "geometry": {
        "type": "Point",
        "coordinates": [
          -52.16663,
          -20.789648
        ]
      },
      "properties": {
        "UP": "T4AP",
        "FAZENDA": "VIÇOSA  (F-H075 )",
        "AREA_HA": 931.719521,
        "NUCLEO": "MS4"
      }
    },
    {
      "type": "Feature",
      "geometry": {
        "type": "Point",
        "coordinates": [
          -52.158173,
          -20.777944
        ]
      },
      "properties": {
        "UP": "T4AQ",
        "FAZENDA": "BURITI II  (F-H087 )",
        "AREA_HA": 467.530539,
        "NUCLEO": "MS4"
      }
    },
    {
      "type": "Feature",
      "geometry": {
        "type": "Point",
        "coordinates": [
          -52.400391,
          -20.775558
        ]
      },
      "properties": {
        "UP": "T4AR",
        "FAZENDA": "COLORADO II  (F-H300 )",
        "AREA_HA": 967.612761,
        "NUCLEO": "MS4"
      }
    },
    {
      "type": "Feature",
      "geometry": {
        "type": "Point",
        "coordinates": [
          -52.209004,
          -20.762255
        ]
      },
      "properties": {
        "UP": "T4AS",
        "FAZENDA": "TRÊS MARIAS  (F-H078 )",
        "AREA_HA": 863.813849,
        "NUCLEO": "MS4"
      }
    },
    {
      "type": "Feature",
      "geometry": {
        "type": "Point",
        "coordinates": [
          -52.18695,
          -20.756974
        ]
      },
      "properties": {
        "UP": "T4AT",
        "FAZENDA": "GUARAÇAI  (F-H073 )",
        "AREA_HA": 268.490815,
        "NUCLEO": "MS4"
      }
    },
    {
      "type": "Feature",
      "geometry": {
        "type": "Point",
        "coordinates": [
          -52.264864,
          -20.730596
        ]
      },
      "properties": {
        "UP": "T4AU",
        "FAZENDA": "TALISMÃ DO SUL II  (F-H168 )",
        "AREA_HA": 556.682045,
        "NUCLEO": "MS4"
      }
    },
    {
      "type": "Feature",
      "geometry": {
        "type": "Point",
        "coordinates": [
          -52.309538,
          -20.714727
        ]
      },
      "properties": {
        "UP": "T4AV",
        "FAZENDA": "TALISMÃ DO SUL  (F-H167 )",
        "AREA_HA": 726.144403,
        "NUCLEO": "MS4"
      }
    },
    {
      "type": "Feature",
      "geometry": {
        "type": "Point",
        "coordinates": [
          -52.224761,
          -20.742412
        ]
      },
      "properties": {
        "UP": "T4AW",
        "FAZENDA": "NOSSA SENHORA APARECIDA DO BURITIZAL II",
        "AREA_HA": 505.825617,
        "NUCLEO": "MS4"
      }
    },
    {
      "type": "Feature",
      "geometry": {
        "type": "Point",
        "coordinates": [
          -52.390719,
          -20.797813
        ]
      },
      "properties": {
        "UP": "T4AX",
        "FAZENDA": "COLORADO III",
        "AREA_HA": 1511.516542,
        "NUCLEO": "MS4"
      }
    },
    {
      "type": "Feature",
      "geometry": {
        "type": "Point",
        "coordinates": [
          -52.266592,
          -20.697919
        ]
      },
      "properties": {
        "UP": "T4AZ",
        "FAZENDA": "BOA VISTA I",
        "AREA_HA": 2415.876651,
        "NUCLEO": "MS4"
      }
    },
    {
      "type": "Feature",
      "geometry": {
        "type": "Point",
        "coordinates": [
          -52.209423,
          -20.84722
        ]
      },
      "properties": {
        "UP": "T4BA",
        "FAZENDA": "TIMBURI",
        "AREA_HA": 690.829792,
        "NUCLEO": "MS4"
      }
    },
    {
      "type": "Feature",
      "geometry": {
        "type": "Point",
        "coordinates": [
          -52.209327,
          -20.833638
        ]
      },
      "properties": {
        "UP": "T4BB",
        "FAZENDA": "CALHETA",
        "AREA_HA": 617.778764,
        "NUCLEO": "MS4"
      }
    },
    {
      "type": "Feature",
      "geometry": {
        "type": "Point",
        "coordinates": [
          -52.096607,
          -20.930091
        ]
      },
      "properties": {
        "UP": "T4BC",
        "FAZENDA": "TIO MUNICO",
        "AREA_HA": 2056.47034,
        "NUCLEO": "MS4"
      }
    },
    {
      "type": "Feature",
      "geometry": {
        "type": "Point",
        "coordinates": [
          -52.064114,
          -20.884748
        ]
      },
      "properties": {
        "UP": "T4BD",
        "FAZENDA": "ALVORADA IV",
        "AREA_HA": 1109.99436,
        "NUCLEO": "MS4"
      }
    },
    {
      "type": "Feature",
      "geometry": {
        "type": "Point",
        "coordinates": [
          -52.118136,
          -20.850352
        ]
      },
      "properties": {
        "UP": "T4BE",
        "FAZENDA": "SÃO FRANCISCO IV",
        "AREA_HA": 476.088831,
        "NUCLEO": "MS4"
      }
    },
    {
      "type": "Feature",
      "geometry": {
        "type": "Point",
        "coordinates": [
          -52.101073,
          -20.86818
        ]
      },
      "properties": {
        "UP": "T4BF",
        "FAZENDA": "SANTA CLARA IV",
        "AREA_HA": 335.624779,
        "NUCLEO": "MS4"
      }
    },
    {
      "type": "Feature",
      "geometry": {
        "type": "Point",
        "coordinates": [
          -52.124005,
          -20.81953
        ]
      },
      "properties": {
        "UP": "T4BG",
        "FAZENDA": "TUPAHUÊ",
        "AREA_HA": 2638.477387,
        "NUCLEO": "MS4"
      }
    },
    {
      "type": "Feature",
      "geometry": {
        "type": "Point",
        "coordinates": [
          -52.317351,
          -20.783494
        ]
      },
      "properties": {
        "UP": "T4BH",
        "FAZENDA": "TUPAHUÊ II",
        "AREA_HA": 1226.075439,
        "NUCLEO": "MS4"
      }
    },
    {
      "type": "Feature",
      "geometry": {
        "type": "Point",
        "coordinates": [
          -52.109683,
          -20.947482
        ]
      },
      "properties": {
        "UP": "T4BI",
        "FAZENDA": "TIO MUNICO II",
        "AREA_HA": 740.243364,
        "NUCLEO": "MS4"
      }
    },
    {
      "type": "Feature",
      "geometry": {
        "type": "Point",
        "coordinates": [
          -52.528296,
          -20.634304
        ]
      },
      "properties": {
        "UP": "T5AA",
        "FAZENDA": "VERTENTE  (F-H217 )",
        "AREA_HA": 2826.284368,
        "NUCLEO": "MS5"
      }
    },
    {
      "type": "Feature",
      "geometry": {
        "type": "Point",
        "coordinates": [
          -52.488177,
          -20.619385
        ]
      },
      "properties": {
        "UP": "T5AB",
        "FAZENDA": "ARIRANHA  (F-H125 )",
        "AREA_HA": 2088.909112,
        "NUCLEO": "MS5"
      }
    },
    {
      "type": "Feature",
      "geometry": {
        "type": "Point",
        "coordinates": [
          -52.656889,
          -20.562748
        ]
      },
      "properties": {
        "UP": "T5AC",
        "FAZENDA": "SÃO JOSE DO ESPIGÃO  (F-H194 )",
        "AREA_HA": 1522.619496,
        "NUCLEO": "MS5"
      }
    },
    {
      "type": "Feature",
      "geometry": {
        "type": "Point",
        "coordinates": [
          -52.534103,
          -20.546525
        ]
      },
      "properties": {
        "UP": "T5AD",
        "FAZENDA": "TRANSCORAL  (F-H204 )",
        "AREA_HA": 350.711807,
        "NUCLEO": "MS5"
      }
    },
    {
      "type": "Feature",
      "geometry": {
        "type": "Point",
        "coordinates": [
          -52.662979,
          -20.514797
        ]
      },
      "properties": {
        "UP": "T5AE",
        "FAZENDA": "JO PORA  (F-H114 )",
        "AREA_HA": 345.726072,
        "NUCLEO": "MS5"
      }
    },
    {
      "type": "Feature",
      "geometry": {
        "type": "Point",
        "coordinates": [
          -52.595519,
          -20.500869
        ]
      },
      "properties": {
        "UP": "T5AG",
        "FAZENDA": "LÚ PORÃ  (F-H142 )",
        "AREA_HA": 1178.79334,
        "NUCLEO": "MS5"
      }
    },
    {
      "type": "Feature",
      "geometry": {
        "type": "Point",
        "coordinates": [
          -52.648975,
          -20.497875
        ]
      },
      "properties": {
        "UP": "T5AH",
        "FAZENDA": "SÃO JOÃO  (F-H115 )",
        "AREA_HA": 360.009845,
        "NUCLEO": "MS5"
      }
    },
    {
      "type": "Feature",
      "geometry": {
        "type": "Point",
        "coordinates": [
          -52.629694,
          -20.497245
        ]
      },
      "properties": {
        "UP": "T5AI",
        "FAZENDA": "SANTO ANDRÉ  (F-H106 )",
        "AREA_HA": 767.295464,
        "NUCLEO": "MS5"
      }
    },
    {
      "type": "Feature",
      "geometry": {
        "type": "Point",
        "coordinates": [
          -52.66656,
          -20.484442
        ]
      },
      "properties": {
        "UP": "T5AJ",
        "FAZENDA": "SANTA MARIA V  (F-H133 )",
        "AREA_HA": 778.927727,
        "NUCLEO": "MS5"
      }
    },
    {
      "type": "Feature",
      "geometry": {
        "type": "Point",
        "coordinates": [
          -52.651579,
          -20.435973
        ]
      },
      "properties": {
        "UP": "T5AL",
        "FAZENDA": "COLORADO  (F-H116 )",
        "AREA_HA": 1851.96596,
        "NUCLEO": "MS5"
      }
    },
    {
      "type": "Feature",
      "geometry": {
        "type": "Point",
        "coordinates": [
          -52.603288,
          -20.299444
        ]
      },
      "properties": {
        "UP": "T5AM",
        "FAZENDA": "SANTA INES GLEBA C  (F-H270 )",
        "AREA_HA": 1981.266254,
        "NUCLEO": "MS5"
      }
    },
    {
      "type": "Feature",
      "geometry": {
        "type": "Point",
        "coordinates": [
          -52.570365,
          -20.269368
        ]
      },
      "properties": {
        "UP": "T5AN",
        "FAZENDA": "SANTA INES  (F-H269 )",
        "AREA_HA": 1017.674432,
        "NUCLEO": "MS5"
      }
    },
    {
      "type": "Feature",
      "geometry": {
        "type": "Point",
        "coordinates": [
          -52.159523,
          -20.236279
        ]
      },
      "properties": {
        "UP": "T5AO",
        "FAZENDA": "NAGAI  (F-H221 )",
        "AREA_HA": 324.475275,
        "NUCLEO": "MS5"
      }
    },
    {
      "type": "Feature",
      "geometry": {
        "type": "Point",
        "coordinates": [
          -52.267095,
          -20.205381
        ]
      },
      "properties": {
        "UP": "T5AQ",
        "FAZENDA": "SANTA ADÉLIA",
        "AREA_HA": 487.982237,
        "NUCLEO": "MS5"
      }
    },
    {
      "type": "Feature",
      "geometry": {
        "type": "Point",
        "coordinates": [
          -52.851386,
          -20.412185
        ]
      },
      "properties": {
        "UP": "T5AR",
        "FAZENDA": "3PA",
        "AREA_HA": 1294.852503,
        "NUCLEO": "MS5"
      }
    },
    {
      "type": "Feature",
      "geometry": {
        "type": "Point",
        "coordinates": [
          -52.830231,
          -20.446315
        ]
      },
      "properties": {
        "UP": "T5AS",
        "FAZENDA": "PEJU",
        "AREA_HA": 255.49398,
        "NUCLEO": "MS5"
      }
    },
    {
      "type": "Feature",
      "geometry": {
        "type": "Point",
        "coordinates": [
          -52.616568,
          -20.275078
        ]
      },
      "properties": {
        "UP": "T5AT",
        "FAZENDA": "SÃO JOÃO VALE DO POMBO",
        "AREA_HA": 632.796796,
        "NUCLEO": "MS5"
      }
    },
    {
      "type": "Feature",
      "geometry": {
        "type": "Point",
        "coordinates": [
          -52.485212,
          -20.523232
        ]
      },
      "properties": {
        "UP": "T5AU",
        "FAZENDA": "POMBINHO EURO",
        "AREA_HA": 331.93175,
        "NUCLEO": "MS5"
      }
    },
    {
      "type": "Feature",
      "geometry": {
        "type": "Point",
        "coordinates": [
          -52.207786,
          -20.217602
        ]
      },
      "properties": {
        "UP": "T5AV",
        "FAZENDA": "MARCA B2",
        "AREA_HA": 198.794099,
        "NUCLEO": "MS5"
      }
    },
    {
      "type": "Feature",
      "geometry": {
        "type": "Point",
        "coordinates": [
          -52.391496,
          -19.555252
        ]
      },
      "properties": {
        "UP": "T5AX",
        "FAZENDA": "SANTA RITA DE CÁSSIA II",
        "AREA_HA": 1856.174633,
        "NUCLEO": "MS5"
      }
    },
    {
      "type": "Feature",
      "geometry": {
        "type": "Point",
        "coordinates": [
          -52.498643,
          -20.590185
        ]
      },
      "properties": {
        "UP": "T5AY",
        "FAZENDA": "ARIRANHA II",
        "AREA_HA": 141.662251,
        "NUCLEO": "MS5"
      }
    },
    {
      "type": "Feature",
      "geometry": {
        "type": "Point",
        "coordinates": [
          -52.810494,
          -20.365579
        ]
      },
      "properties": {
        "UP": "T5AZ",
        "FAZENDA": "NOVO ORIENTE",
        "AREA_HA": 1190.279718,
        "NUCLEO": "MS5"
      }
    },
    {
      "type": "Feature",
      "geometry": {
        "type": "Point",
        "coordinates": [
          -52.64806,
          -19.847566
        ]
      },
      "properties": {
        "UP": "T5BA",
        "FAZENDA": "SANTA MARIA",
        "AREA_HA": 533.478891,
        "NUCLEO": "MS5"
      }
    },
    {
      "type": "Feature",
      "geometry": {
        "type": "Point",
        "coordinates": [
          -52.2586,
          -20.232537
        ]
      },
      "properties": {
        "UP": "T5BB",
        "FAZENDA": "ITATIAIA",
        "AREA_HA": 1118.267058,
        "NUCLEO": "MS5"
      }
    },
    {
      "type": "Feature",
      "geometry": {
        "type": "Point",
        "coordinates": [
          -52.486995,
          -20.558287
        ]
      },
      "properties": {
        "UP": "T5BC",
        "FAZENDA": "RIO POMBO GLEBA A",
        "AREA_HA": 164.070798,
        "NUCLEO": "MS5"
      }
    },
    {
      "type": "Feature",
      "geometry": {
        "type": "Point",
        "coordinates": [
          -52.705998,
          -20.613534
        ]
      },
      "properties": {
        "UP": "T5BD",
        "FAZENDA": "RETIRO DOS BOIS",
        "AREA_HA": 527.236718,
        "NUCLEO": "MS5"
      }
    },
    {
      "type": "Feature",
      "geometry": {
        "type": "Point",
        "coordinates": [
          -52.499802,
          -20.540691
        ]
      },
      "properties": {
        "UP": "T5BE",
        "FAZENDA": "ALVORADA VI",
        "AREA_HA": 505.344058,
        "NUCLEO": "MS5"
      }
    },
    {
      "type": "Feature",
      "geometry": {
        "type": "Point",
        "coordinates": [
          -52.52381,
          -20.511494
        ]
      },
      "properties": {
        "UP": "T5BF",
        "FAZENDA": "ALVORADA DO POMBO",
        "AREA_HA": 1692.462212,
        "NUCLEO": "MS5"
      }
    },
    {
      "type": "Feature",
      "geometry": {
        "type": "Point",
        "coordinates": [
          -52.631326,
          -20.007776
        ]
      },
      "properties": {
        "UP": "T5BH",
        "FAZENDA": "BARRA DO BURITI",
        "AREA_HA": 964.429853,
        "NUCLEO": "MS5"
      }
    },
    {
      "type": "Feature",
      "geometry": {
        "type": "Point",
        "coordinates": [
          -52.668564,
          -20.050271
        ]
      },
      "properties": {
        "UP": "T5BI",
        "FAZENDA": "CIBERLÂNDIA",
        "AREA_HA": 482.736941,
        "NUCLEO": "MS5"
      }
    },
    {
      "type": "Feature",
      "geometry": {
        "type": "Point",
        "coordinates": [
          -52.686993,
          -20.047589
        ]
      },
      "properties": {
        "UP": "T5BJ",
        "FAZENDA": "MORUMBI",
        "AREA_HA": 1195.280015,
        "NUCLEO": "MS5"
      }
    },
    {
      "type": "Feature",
      "geometry": {
        "type": "Point",
        "coordinates": [
          -52.67348,
          -20.066657
        ]
      },
      "properties": {
        "UP": "T5BK",
        "FAZENDA": "SANTA MARIA XII",
        "AREA_HA": 709.672194,
        "NUCLEO": "MS5"
      }
    },
    {
      "type": "Feature",
      "geometry": {
        "type": "Point",
        "coordinates": [
          -52.611697,
          -20.533104
        ]
      },
      "properties": {
        "UP": "T5BM",
        "FAZENDA": "SÃO JOSÉ DO ESPIGÃO II",
        "AREA_HA": 993.209247,
        "NUCLEO": "MS5"
      }
    },
    {
      "type": "Feature",
      "geometry": {
        "type": "Point",
        "coordinates": [
          -52.637572,
          -20.057106
        ]
      },
      "properties": {
        "UP": "T5BN",
        "FAZENDA": "Ifiii (Jolafine)",
        "AREA_HA": 422.386952,
        "NUCLEO": "MS5"
      }
    },
    {
      "type": "Feature",
      "geometry": {
        "type": "Point",
        "coordinates": [
          -52.00946,
          -20.678067
        ]
      },
      "properties": {
        "UP": "T6A0",
        "FAZENDA": "ARCO IRIS  (F-H113 )",
        "AREA_HA": 434.100534,
        "NUCLEO": "MS6"
      }
    },
    {
      "type": "Feature",
      "geometry": {
        "type": "Point",
        "coordinates": [
          -52.16138,
          -20.675853
        ]
      },
      "properties": {
        "UP": "T6A1",
        "FAZENDA": "TRIANGULO DO VALE  (F-H268 )",
        "AREA_HA": 99.93188,
        "NUCLEO": "MS6"
      }
    },
    {
      "type": "Feature",
      "geometry": {
        "type": "Point",
        "coordinates": [
          -52.287753,
          -20.674349
        ]
      },
      "properties": {
        "UP": "T6A2",
        "FAZENDA": "VALE VERDE  (F-H162 )",
        "AREA_HA": 687.594717,
        "NUCLEO": "MS6"
      }
    },
    {
      "type": "Feature",
      "geometry": {
        "type": "Point",
        "coordinates": [
          -52.134997,
          -20.665053
        ]
      },
      "properties": {
        "UP": "T6A3",
        "FAZENDA": "CHAPADÃO  (F-H132 )",
        "AREA_HA": 468.733615,
        "NUCLEO": "MS6"
      }
    },
    {
      "type": "Feature",
      "geometry": {
        "type": "Point",
        "coordinates": [
          -51.943454,
          -20.663076
        ]
      },
      "properties": {
        "UP": "T6A4",
        "FAZENDA": "MANDAGUARI  (F-H271 )",
        "AREA_HA": 279.232122,
        "NUCLEO": "MS6"
      }
    },
    {
      "type": "Feature",
      "geometry": {
        "type": "Point",
        "coordinates": [
          -51.97297,
          -20.661361
        ]
      },
      "properties": {
        "UP": "T6A5",
        "FAZENDA": "ARAÇATUBA  (F-H205 )",
        "AREA_HA": 1506.6691,
        "NUCLEO": "MS6"
      }
    },
    {
      "type": "Feature",
      "geometry": {
        "type": "Point",
        "coordinates": [
          -52.298932,
          -20.659454
        ]
      },
      "properties": {
        "UP": "T6A6",
        "FAZENDA": "VALE VERDE II  (F-H304 )",
        "AREA_HA": 144.756789,
        "NUCLEO": "MS6"
      }
    },
    {
      "type": "Feature",
      "geometry": {
        "type": "Point",
        "coordinates": [
          -52.085476,
          -20.652615
        ]
      },
      "properties": {
        "UP": "T6A7",
        "FAZENDA": "DA MATA  (F-H264 )",
        "AREA_HA": 605.740823,
        "NUCLEO": "MS6"
      }
    },
    {
      "type": "Feature",
      "geometry": {
        "type": "Point",
        "coordinates": [
          -52.406623,
          -20.645656
        ]
      },
      "properties": {
        "UP": "T6A8",
        "FAZENDA": "SANTA CECILIA II  (F-H295 )",
        "AREA_HA": 506.416716,
        "NUCLEO": "MS6"
      }
    },
    {
      "type": "Feature",
      "geometry": {
        "type": "Point",
        "coordinates": [
          -51.934274,
          -20.636505
        ]
      },
      "properties": {
        "UP": "T6A9",
        "FAZENDA": "GODINO  (F-H226 )",
        "AREA_HA": 428.548108,
        "NUCLEO": "MS6"
      }
    },
    {
      "type": "Feature",
      "geometry": {
        "type": "Point",
        "coordinates": [
          -51.915196,
          -20.891031
        ]
      },
      "properties": {
        "UP": "T6AA",
        "FAZENDA": "GRANADA  (F-H190 )",
        "AREA_HA": 4629.514006,
        "NUCLEO": "MS6"
      }
    },
    {
      "type": "Feature",
      "geometry": {
        "type": "Point",
        "coordinates": [
          -51.820577,
          -20.846682
        ]
      },
      "properties": {
        "UP": "T6AB",
        "FAZENDA": "RODEIO  (F-H189 )",
        "AREA_HA": 8289.473091,
        "NUCLEO": "MS6"
      }
    },
    {
      "type": "Feature",
      "geometry": {
        "type": "Point",
        "coordinates": [
          -51.994601,
          -20.787626
        ]
      },
      "properties": {
        "UP": "T6AD",
        "FAZENDA": "NOSSA SENHORA DE LOURDES II  (F-H220 )",
        "AREA_HA": 1177.972431,
        "NUCLEO": "MS6"
      }
    },
    {
      "type": "Feature",
      "geometry": {
        "type": "Point",
        "coordinates": [
          -51.921328,
          -20.759029
        ]
      },
      "properties": {
        "UP": "T6AE",
        "FAZENDA": "PARAISO II  (F-H160 )",
        "AREA_HA": 478.241154,
        "NUCLEO": "MS6"
      }
    },
    {
      "type": "Feature",
      "geometry": {
        "type": "Point",
        "coordinates": [
          -52.125698,
          -20.757823
        ]
      },
      "properties": {
        "UP": "T6AF",
        "FAZENDA": "LAGOA IV  (F-H111 )",
        "AREA_HA": 375.93401,
        "NUCLEO": "MS6"
      }
    },
    {
      "type": "Feature",
      "geometry": {
        "type": "Point",
        "coordinates": [
          -52.07323,
          -20.756294
        ]
      },
      "properties": {
        "UP": "T6AG",
        "FAZENDA": "NOSSA SENHORA APARECIDA IV  (F-H228 )",
        "AREA_HA": 205.962892,
        "NUCLEO": "MS6"
      }
    },
    {
      "type": "Feature",
      "geometry": {
        "type": "Point",
        "coordinates": [
          -52.011335,
          -20.747295
        ]
      },
      "properties": {
        "UP": "T6AH",
        "FAZENDA": "ARAPUÁ  (F-H062 )",
        "AREA_HA": 337.876962,
        "NUCLEO": "MS6"
      }
    },
    {
      "type": "Feature",
      "geometry": {
        "type": "Point",
        "coordinates": [
          -52.55031,
          -20.745698
        ]
      },
      "properties": {
        "UP": "T6AI",
        "FAZENDA": "ÁGUA LIMPA  (F-H148 )",
        "AREA_HA": 4133.881536,
        "NUCLEO": "MS6"
      }
    },
    {
      "type": "Feature",
      "geometry": {
        "type": "Point",
        "coordinates": [
          -52.048939,
          -20.744209
        ]
      },
      "properties": {
        "UP": "T6AJ",
        "FAZENDA": "SITIO SÃO JOSÉ  (F-H128 )",
        "AREA_HA": 95.116507,
        "NUCLEO": "MS6"
      }
    },
    {
      "type": "Feature",
      "geometry": {
        "type": "Point",
        "coordinates": [
          -51.914083,
          -20.734407
        ]
      },
      "properties": {
        "UP": "T6AK",
        "FAZENDA": "SÃO VICENTE  (F-H202 )",
        "AREA_HA": 108.321437,
        "NUCLEO": "MS6"
      }
    },
    {
      "type": "Feature",
      "geometry": {
        "type": "Point",
        "coordinates": [
          -52.059489,
          -20.726956
        ]
      },
      "properties": {
        "UP": "T6AL",
        "FAZENDA": "ITAPOÃ  (F-H289 )",
        "AREA_HA": 287.468235,
        "NUCLEO": "MS6"
      }
    },
    {
      "type": "Feature",
      "geometry": {
        "type": "Point",
        "coordinates": [
          -51.850819,
          -20.725091
        ]
      },
      "properties": {
        "UP": "T6AM",
        "FAZENDA": "NOVO MUNDO  (F-H159 )",
        "AREA_HA": 786.296191,
        "NUCLEO": "MS6"
      }
    },
    {
      "type": "Feature",
      "geometry": {
        "type": "Point",
        "coordinates": [
          -51.827003,
          -20.713743
        ]
      },
      "properties": {
        "UP": "T6AN",
        "FAZENDA": "RANCHO COROTE  (F-H127 )",
        "AREA_HA": 297.929411,
        "NUCLEO": "MS6"
      }
    },
    {
      "type": "Feature",
      "geometry": {
        "type": "Point",
        "coordinates": [
          -51.80927,
          -20.713219
        ]
      },
      "properties": {
        "UP": "T6AO",
        "FAZENDA": "SÃO LUCAS  (F-H283 )",
        "AREA_HA": 1415.099545,
        "NUCLEO": "MS6"
      }
    },
    {
      "type": "Feature",
      "geometry": {
        "type": "Point",
        "coordinates": [
          -52.453924,
          -20.71258
        ]
      },
      "properties": {
        "UP": "T6AP",
        "FAZENDA": "ABASTO  (F-H126 )",
        "AREA_HA": 6286.11635,
        "NUCLEO": "MS6"
      }
    },
    {
      "type": "Feature",
      "geometry": {
        "type": "Point",
        "coordinates": [
          -52.020941,
          -20.71235
        ]
      },
      "properties": {
        "UP": "T6AQ",
        "FAZENDA": "ESTÂNCIA MARCELO  (F-H137 )",
        "AREA_HA": 484.73902,
        "NUCLEO": "MS6"
      }
    },
    {
      "type": "Feature",
      "geometry": {
        "type": "Point",
        "coordinates": [
          -52.053459,
          -20.712245
        ]
      },
      "properties": {
        "UP": "T6AR",
        "FAZENDA": "NOVA ERA II  (F-H169 )",
        "AREA_HA": 345.897807,
        "NUCLEO": "MS6"
      }
    },
    {
      "type": "Feature",
      "geometry": {
        "type": "Point",
        "coordinates": [
          -51.9195,
          -20.710046
        ]
      },
      "properties": {
        "UP": "T6AS",
        "FAZENDA": "SÃO FRANCISCO III  (F-H097 )",
        "AREA_HA": 632.659715,
        "NUCLEO": "MS6"
      }
    },
    {
      "type": "Feature",
      "geometry": {
        "type": "Point",
        "coordinates": [
          -52.130985,
          -20.70717
        ]
      },
      "properties": {
        "UP": "T6AT",
        "FAZENDA": "CURUCACA  (F-H053 )",
        "AREA_HA": 4941.183076,
        "NUCLEO": "MS6"
      }
    },
    {
      "type": "Feature",
      "geometry": {
        "type": "Point",
        "coordinates": [
          -51.861804,
          -20.692072
        ]
      },
      "properties": {
        "UP": "T6AU",
        "FAZENDA": "SANTA MARINA  (F-H107 )",
        "AREA_HA": 347.750625,
        "NUCLEO": "MS6"
      }
    },
    {
      "type": "Feature",
      "geometry": {
        "type": "Point",
        "coordinates": [
          -52.006974,
          -20.691653
        ]
      },
      "properties": {
        "UP": "T6AV",
        "FAZENDA": "INICIAL  (F-H094 )",
        "AREA_HA": 136.054543,
        "NUCLEO": "MS6"
      }
    },
    {
      "type": "Feature",
      "geometry": {
        "type": "Point",
        "coordinates": [
          -51.960607,
          -20.689647
        ]
      },
      "properties": {
        "UP": "T6AW",
        "FAZENDA": "SÃO DOMINGOS II  (F-H173 )",
        "AREA_HA": 268.039381,
        "NUCLEO": "MS6"
      }
    },
    {
      "type": "Feature",
      "geometry": {
        "type": "Point",
        "coordinates": [
          -52.038562,
          -20.690004
        ]
      },
      "properties": {
        "UP": "T6AX",
        "FAZENDA": "SANTA ADELIA  (F-H157 )",
        "AREA_HA": 1821.442562,
        "NUCLEO": "MS6"
      }
    },
    {
      "type": "Feature",
      "geometry": {
        "type": "Point",
        "coordinates": [
          -52.196126,
          -20.686424
        ]
      },
      "properties": {
        "UP": "T6AY",
        "FAZENDA": "NOSSA SENHORA DA APARECIDA DO BURITIZAL  (F-H071 )",
        "AREA_HA": 1024.658612,
        "NUCLEO": "MS6"
      }
    },
    {
      "type": "Feature",
      "geometry": {
        "type": "Point",
        "coordinates": [
          -52.293109,
          -20.683628
        ]
      },
      "properties": {
        "UP": "T6AZ",
        "FAZENDA": "GAIOTTO  (F-H280 )",
        "AREA_HA": 616.283389,
        "NUCLEO": "MS6"
      }
    },
    {
      "type": "Feature",
      "geometry": {
        "type": "Point",
        "coordinates": [
          -52.265552,
          -20.468762
        ]
      },
      "properties": {
        "UP": "T6B0",
        "FAZENDA": "FLORESTA  (F-H130 )",
        "AREA_HA": 504.390528,
        "NUCLEO": "MS6"
      }
    },
    {
      "type": "Feature",
      "geometry": {
        "type": "Point",
        "coordinates": [
          -52.048252,
          -20.467528
        ]
      },
      "properties": {
        "UP": "T6B1",
        "FAZENDA": "GUARÁ  (F-H124 )",
        "AREA_HA": 709.860943,
        "NUCLEO": "MS6"
      }
    },
    {
      "type": "Feature",
      "geometry": {
        "type": "Point",
        "coordinates": [
          -52.03473,
          -20.461611
        ]
      },
      "properties": {
        "UP": "T6B2",
        "FAZENDA": "SÃO JOÃO II  (F-H122 )",
        "AREA_HA": 454.833934,
        "NUCLEO": "MS6"
      }
    },
    {
      "type": "Feature",
      "geometry": {
        "type": "Point",
        "coordinates": [
          -52.040906,
          -20.447681
        ]
      },
      "properties": {
        "UP": "T6B3",
        "FAZENDA": "AGUA LIMPA II  (F-H180 )",
        "AREA_HA": 464.767151,
        "NUCLEO": "MS6"
      }
    },
    {
      "type": "Feature",
      "geometry": {
        "type": "Point",
        "coordinates": [
          -52.185567,
          -20.435709
        ]
      },
      "properties": {
        "UP": "T6B4",
        "FAZENDA": "ARAÇA  (F-H123 )",
        "AREA_HA": 133.553483,
        "NUCLEO": "MS6"
      }
    },
    {
      "type": "Feature",
      "geometry": {
        "type": "Point",
        "coordinates": [
          -52.147547,
          -20.433763
        ]
      },
      "properties": {
        "UP": "T6B5",
        "FAZENDA": "SÃO JOSÉ III  (F-H212 )",
        "AREA_HA": 187.973927,
        "NUCLEO": "MS6"
      }
    },
    {
      "type": "Feature",
      "geometry": {
        "type": "Point",
        "coordinates": [
          -52.206133,
          -20.425171
        ]
      },
      "properties": {
        "UP": "T6B6",
        "FAZENDA": "AGUA BRANCA  (F-H112 )",
        "AREA_HA": 1981.677077,
        "NUCLEO": "MS6"
      }
    },
    {
      "type": "Feature",
      "geometry": {
        "type": "Point",
        "coordinates": [
          -52.403605,
          -20.4129
        ]
      },
      "properties": {
        "UP": "T6B7",
        "FAZENDA": "PERDIZES  (F-H165 )",
        "AREA_HA": 2192.454304,
        "NUCLEO": "MS6"
      }
    },
    {
      "type": "Feature",
      "geometry": {
        "type": "Point",
        "coordinates": [
          -52.147419,
          -20.326613
        ]
      },
      "properties": {
        "UP": "T6B8",
        "FAZENDA": "MATINHA DO BRIOSO  (F-H291 )",
        "AREA_HA": 192.266667,
        "NUCLEO": "MS6"
      }
    },
    {
      "type": "Feature",
      "geometry": {
        "type": "Point",
        "coordinates": [
          -52.16753,
          -20.315984
        ]
      },
      "properties": {
        "UP": "T6B9",
        "FAZENDA": "PONTAL DO BRIOSO  (F-H276 )",
        "AREA_HA": 316.873447,
        "NUCLEO": "MS6"
      }
    },
    {
      "type": "Feature",
      "geometry": {
        "type": "Point",
        "coordinates": [
          -52.234281,
          -20.634598
        ]
      },
      "properties": {
        "UP": "T6BA",
        "FAZENDA": "SANTA RITA DE CÁSSIA  (F-H254 )",
        "AREA_HA": 2204.401606,
        "NUCLEO": "MS6"
      }
    },
    {
      "type": "Feature",
      "geometry": {
        "type": "Point",
        "coordinates": [
          -51.893551,
          -20.630005
        ]
      },
      "properties": {
        "UP": "T6BB",
        "FAZENDA": "SANTA LUZIA V  (F-H278 )",
        "AREA_HA": 199.455734,
        "NUCLEO": "MS6"
      }
    },
    {
      "type": "Feature",
      "geometry": {
        "type": "Point",
        "coordinates": [
          -52.411616,
          -20.627461
        ]
      },
      "properties": {
        "UP": "T6BC",
        "FAZENDA": "SANTA CECILIA  (F-H265 )",
        "AREA_HA": 770.833342,
        "NUCLEO": "MS6"
      }
    },
    {
      "type": "Feature",
      "geometry": {
        "type": "Point",
        "coordinates": [
          -52.303446,
          -20.605493
        ]
      },
      "properties": {
        "UP": "T6BD",
        "FAZENDA": "CERRO AZUL  (F-H166 )",
        "AREA_HA": 572.997953,
        "NUCLEO": "MS6"
      }
    },
    {
      "type": "Feature",
      "geometry": {
        "type": "Point",
        "coordinates": [
          -51.991413,
          -20.603801
        ]
      },
      "properties": {
        "UP": "T6BE",
        "FAZENDA": "UNIVERSAL  (F-H184 )",
        "AREA_HA": 552.934789,
        "NUCLEO": "MS6"
      }
    },
    {
      "type": "Feature",
      "geometry": {
        "type": "Point",
        "coordinates": [
          -52.439056,
          -20.603885
        ]
      },
      "properties": {
        "UP": "T6BF",
        "FAZENDA": "IRACEMA II  (F-H193 )",
        "AREA_HA": 705.879463,
        "NUCLEO": "MS6"
      }
    },
    {
      "type": "Feature",
      "geometry": {
        "type": "Point",
        "coordinates": [
          -52.31369,
          -20.597503
        ]
      },
      "properties": {
        "UP": "T6BG",
        "FAZENDA": "FLOR DA SERRA  (F-H008 )",
        "AREA_HA": 1699.295726,
        "NUCLEO": "MS6"
      }
    },
    {
      "type": "Feature",
      "geometry": {
        "type": "Point",
        "coordinates": [
          -52.286163,
          -20.596518
        ]
      },
      "properties": {
        "UP": "T6BH",
        "FAZENDA": "OURO BELO  (F-H089 )",
        "AREA_HA": 865.693524,
        "NUCLEO": "MS6"
      }
    },
    {
      "type": "Feature",
      "geometry": {
        "type": "Point",
        "coordinates": [
          -51.920339,
          -20.592798
        ]
      },
      "properties": {
        "UP": "T6BI",
        "FAZENDA": "DUAS LAGOAS  (F-H266 )",
        "AREA_HA": 851.983486,
        "NUCLEO": "MS6"
      }
    },
    {
      "type": "Feature",
      "geometry": {
        "type": "Point",
        "coordinates": [
          -52.39078,
          -20.589629
        ]
      },
      "properties": {
        "UP": "T6BJ",
        "FAZENDA": "RIO BRANCO  (F-H181 )",
        "AREA_HA": 964.25434,
        "NUCLEO": "MS6"
      }
    },
    {
      "type": "Feature",
      "geometry": {
        "type": "Point",
        "coordinates": [
          -52.371154,
          -20.588506
        ]
      },
      "properties": {
        "UP": "T6BK",
        "FAZENDA": "BENTEVI  (F-H277 )",
        "AREA_HA": 1439.208254,
        "NUCLEO": "MS6"
      }
    },
    {
      "type": "Feature",
      "geometry": {
        "type": "Point",
        "coordinates": [
          -51.886063,
          -20.586843
        ]
      },
      "properties": {
        "UP": "T6BL",
        "FAZENDA": "LAGO AZUL II  (F-H235 )",
        "AREA_HA": 515.857339,
        "NUCLEO": "MS6"
      }
    },
    {
      "type": "Feature",
      "geometry": {
        "type": "Point",
        "coordinates": [
          -52.25149,
          -20.577538
        ]
      },
      "properties": {
        "UP": "T6BM",
        "FAZENDA": "CHUVA DE PRATA  (F-H279 )",
        "AREA_HA": 1468.111765,
        "NUCLEO": "MS6"
      }
    },
    {
      "type": "Feature",
      "geometry": {
        "type": "Point",
        "coordinates": [
          -52.26943,
          -20.569945
        ]
      },
      "properties": {
        "UP": "T6BN",
        "FAZENDA": "CHUVA DE PRATA II  (F-H298 )",
        "AREA_HA": 262.304053,
        "NUCLEO": "MS6"
      }
    },
    {
      "type": "Feature",
      "geometry": {
        "type": "Point",
        "coordinates": [
          -52.141766,
          -20.548688
        ]
      },
      "properties": {
        "UP": "T6BO",
        "FAZENDA": "CONQUISTA  (F-H085 )",
        "AREA_HA": 183.828355,
        "NUCLEO": "MS6"
      }
    },
    {
      "type": "Feature",
      "geometry": {
        "type": "Point",
        "coordinates": [
          -52.101866,
          -20.524376
        ]
      },
      "properties": {
        "UP": "T6BP",
        "FAZENDA": "NOSSA SENHORA APARECIDA II  (F-H175 )",
        "AREA_HA": 449.430441,
        "NUCLEO": "MS6"
      }
    },
    {
      "type": "Feature",
      "geometry": {
        "type": "Point",
        "coordinates": [
          -52.115553,
          -20.522798
        ]
      },
      "properties": {
        "UP": "T6BQ",
        "FAZENDA": "PAULINA  (F-H084 )",
        "AREA_HA": 175.476866,
        "NUCLEO": "MS6"
      }
    },
    {
      "type": "Feature",
      "geometry": {
        "type": "Point",
        "coordinates": [
          -52.129394,
          -20.521111
        ]
      },
      "properties": {
        "UP": "T6BR",
        "FAZENDA": "GUANABARA  (F-H083 )",
        "AREA_HA": 695.669662,
        "NUCLEO": "MS6"
      }
    },
    {
      "type": "Feature",
      "geometry": {
        "type": "Point",
        "coordinates": [
          -52.051745,
          -20.518977
        ]
      },
      "properties": {
        "UP": "T6BS",
        "FAZENDA": "SÃO BENTO DO BURITY  (F-H222 )",
        "AREA_HA": 1398.675504,
        "NUCLEO": "MS6"
      }
    },
    {
      "type": "Feature",
      "geometry": {
        "type": "Point",
        "coordinates": [
          -52.19983,
          -20.509288
        ]
      },
      "properties": {
        "UP": "T6BT",
        "FAZENDA": "SÃO JOSÉ  (F-H131 )",
        "AREA_HA": 155.04466,
        "NUCLEO": "MS6"
      }
    },
    {
      "type": "Feature",
      "geometry": {
        "type": "Point",
        "coordinates": [
          -52.207988,
          -20.505592
        ]
      },
      "properties": {
        "UP": "T6BU",
        "FAZENDA": "SANTA IZABEL  (F-H147 )",
        "AREA_HA": 243.989099,
        "NUCLEO": "MS6"
      }
    },
    {
      "type": "Feature",
      "geometry": {
        "type": "Point",
        "coordinates": [
          -52.118342,
          -20.48771
        ]
      },
      "properties": {
        "UP": "T6BV",
        "FAZENDA": "NOVA ERA  (F-H117 )",
        "AREA_HA": 2032.749418,
        "NUCLEO": "MS6"
      }
    },
    {
      "type": "Feature",
      "geometry": {
        "type": "Point",
        "coordinates": [
          -52.157566,
          -20.48167
        ]
      },
      "properties": {
        "UP": "T6BW",
        "FAZENDA": "CAPELINHA  (F-H134 )",
        "AREA_HA": 709.002998,
        "NUCLEO": "MS6"
      }
    },
    {
      "type": "Feature",
      "geometry": {
        "type": "Point",
        "coordinates": [
          -52.212307,
          -20.479972
        ]
      },
      "properties": {
        "UP": "T6BX",
        "FAZENDA": "TABOCA  (F-H129 )",
        "AREA_HA": 658.263999,
        "NUCLEO": "MS6"
      }
    },
    {
      "type": "Feature",
      "geometry": {
        "type": "Point",
        "coordinates": [
          -52.089867,
          -20.480573
        ]
      },
      "properties": {
        "UP": "T6BY",
        "FAZENDA": "CASA GRANDE  (F-H251 )",
        "AREA_HA": 646.793844,
        "NUCLEO": "MS6"
      }
    },
    {
      "type": "Feature",
      "geometry": {
        "type": "Point",
        "coordinates": [
          -52.239806,
          -20.472431
        ]
      },
      "properties": {
        "UP": "T6BZ",
        "FAZENDA": "VISTA ALEGRE  (F-H121 )",
        "AREA_HA": 5762.674781,
        "NUCLEO": "MS6"
      }
    },
    {
      "type": "Feature",
      "geometry": {
        "type": "Point",
        "coordinates": [
          -51.998007,
          -20.659735
        ]
      },
      "properties": {
        "UP": "T6CC",
        "FAZENDA": "VISTA ALEGRE III",
        "AREA_HA": 177.113817,
        "NUCLEO": "MS6"
      }
    },
    {
      "type": "Feature",
      "geometry": {
        "type": "Point",
        "coordinates": [
          -51.806839,
          -20.674882
        ]
      },
      "properties": {
        "UP": "T6CD",
        "FAZENDA": "SANTA LUCIA",
        "AREA_HA": 2167.774735,
        "NUCLEO": "MS6"
      }
    },
    {
      "type": "Feature",
      "geometry": {
        "type": "Point",
        "coordinates": [
          -52.029393,
          -20.725052
        ]
      },
      "properties": {
        "UP": "T6CE",
        "FAZENDA": "SANTA TEREZINHA II",
        "AREA_HA": 284.772285,
        "NUCLEO": "MS6"
      }
    },
    {
      "type": "Feature",
      "geometry": {
        "type": "Point",
        "coordinates": [
          -52.451707,
          -20.595005
        ]
      },
      "properties": {
        "UP": "T6CF",
        "FAZENDA": "IRACEMA I",
        "AREA_HA": 454.335608,
        "NUCLEO": "MS6"
      }
    },
    {
      "type": "Feature",
      "geometry": {
        "type": "Point",
        "coordinates": [
          -51.998393,
          -20.536464
        ]
      },
      "properties": {
        "UP": "T6CG",
        "FAZENDA": "SUCURIU",
        "AREA_HA": 2664.595539,
        "NUCLEO": "MS6"
      }
    },
    {
      "type": "Feature",
      "geometry": {
        "type": "Point",
        "coordinates": [
          -52.069918,
          -20.412194
        ]
      },
      "properties": {
        "UP": "T6CH",
        "FAZENDA": "DOMINGOS MUNGO",
        "AREA_HA": 1304.11948,
        "NUCLEO": "MS6"
      }
    },
    {
      "type": "Feature",
      "geometry": {
        "type": "Point",
        "coordinates": [
          -52.159995,
          -20.540881
        ]
      },
      "properties": {
        "UP": "T6CI",
        "FAZENDA": "PINDORAMA",
        "AREA_HA": 6764.740912,
        "NUCLEO": "MS6"
      }
    },
    {
      "type": "Feature",
      "geometry": {
        "type": "Point",
        "coordinates": [
          -52.123372,
          -20.410751
        ]
      },
      "properties": {
        "UP": "T6CL",
        "FAZENDA": "VALE DOURADO",
        "AREA_HA": 744.844818,
        "NUCLEO": "MS6"
      }
    },
    {
      "type": "Feature",
      "geometry": {
        "type": "Point",
        "coordinates": [
          -51.907322,
          -20.665875
        ]
      },
      "properties": {
        "UP": "T6CM",
        "FAZENDA": "RECANTO DOS CARVALHOS",
        "AREA_HA": 211.14428,
        "NUCLEO": "MS6"
      }
    },
    {
      "type": "Feature",
      "geometry": {
        "type": "Point",
        "coordinates": [
          -52.096582,
          -20.381134
        ]
      },
      "properties": {
        "UP": "T6CN",
        "FAZENDA": "NOSSA SENHORA APARECIDA I",
        "AREA_HA": 240.954271,
        "NUCLEO": "MS6"
      }
    },
    {
      "type": "Feature",
      "geometry": {
        "type": "Point",
        "coordinates": [
          -52.0549,
          -20.719993
        ]
      },
      "properties": {
        "UP": "T6CO",
        "FAZENDA": "DA MATA IV",
        "AREA_HA": 259.682621,
        "NUCLEO": "MS6"
      }
    },
    {
      "type": "Feature",
      "geometry": {
        "type": "Point",
        "coordinates": [
          -52.418126,
          -20.767054
        ]
      },
      "properties": {
        "UP": "T6CP",
        "FAZENDA": "ESPERANÇA",
        "AREA_HA": 875.270709,
        "NUCLEO": "MS6"
      }
    },
    {
      "type": "Feature",
      "geometry": {
        "type": "Point",
        "coordinates": [
          -52.052805,
          -20.406229
        ]
      },
      "properties": {
        "UP": "T6CQ",
        "FAZENDA": "GUARÁ II",
        "AREA_HA": 256.484183,
        "NUCLEO": "MS6"
      }
    },
    {
      "type": "Feature",
      "geometry": {
        "type": "Point",
        "coordinates": [
          -51.968709,
          -20.578949
        ]
      },
      "properties": {
        "UP": "T6CR",
        "FAZENDA": "SÃO LOURENÇO II",
        "AREA_HA": 1237.64856,
        "NUCLEO": "MS6"
      }
    },
    {
      "type": "Feature",
      "geometry": {
        "type": "Point",
        "coordinates": [
          -52.312953,
          -20.662302
        ]
      },
      "properties": {
        "UP": "T6CS",
        "FAZENDA": "MARIANA",
        "AREA_HA": 433.951744,
        "NUCLEO": "MS6"
      }
    },
    {
      "type": "Feature",
      "geometry": {
        "type": "Point",
        "coordinates": [
          -51.953265,
          -20.550584
        ]
      },
      "properties": {
        "UP": "T6CT",
        "FAZENDA": "SÃO LOURENÇO III",
        "AREA_HA": 618.854652,
        "NUCLEO": "MS6"
      }
    },
    {
      "type": "Feature",
      "geometry": {
        "type": "Point",
        "coordinates": [
          -51.982095,
          -20.816891
        ]
      },
      "properties": {
        "UP": "T6CU",
        "FAZENDA": "RANCHO ALEGRE II",
        "AREA_HA": 82.615065,
        "NUCLEO": "MS6"
      }
    },
    {
      "type": "Feature",
      "geometry": {
        "type": "Point",
        "coordinates": [
          -51.96767,
          -20.543639
        ]
      },
      "properties": {
        "UP": "T6CV",
        "FAZENDA": "LUA CHEIA",
        "AREA_HA": 367.202615,
        "NUCLEO": "MS6"
      }
    },
    {
      "type": "Feature",
      "geometry": {
        "type": "Point",
        "coordinates": [
          -51.987243,
          -20.692173
        ]
      },
      "properties": {
        "UP": "T6CW",
        "FAZENDA": "BANDEIRANTES",
        "AREA_HA": 337.993923,
        "NUCLEO": "MS6"
      }
    },
    {
      "type": "Feature",
      "geometry": {
        "type": "Point",
        "coordinates": [
          -52.108154,
          -20.379321
        ]
      },
      "properties": {
        "UP": "T6CX",
        "FAZENDA": "MATA VERDE",
        "AREA_HA": 242.498474,
        "NUCLEO": "MS6"
      }
    },
    {
      "type": "Feature",
      "geometry": {
        "type": "Point",
        "coordinates": [
          -52.294134,
          -20.293004
        ]
      },
      "properties": {
        "UP": "T6CY",
        "FAZENDA": "DOIS IRMÃOS",
        "AREA_HA": 530.585539,
        "NUCLEO": "MS6"
      }
    },
    {
      "type": "Feature",
      "geometry": {
        "type": "Point",
        "coordinates": [
          -52.275377,
          -20.285205
        ]
      },
      "properties": {
        "UP": "T6CZ",
        "FAZENDA": "BRIOSO",
        "AREA_HA": 1682.560807,
        "NUCLEO": "MS6"
      }
    },
    {
      "type": "Feature",
      "geometry": {
        "type": "Point",
        "coordinates": [
          -52.237237,
          -20.310056
        ]
      },
      "properties": {
        "UP": "T6DA",
        "FAZENDA": "SANTA MARIA DO BRIOSO",
        "AREA_HA": 2437.230601,
        "NUCLEO": "MS6"
      }
    },
    {
      "type": "Feature",
      "geometry": {
        "type": "Point",
        "coordinates": [
          -51.930293,
          -20.69492
        ]
      },
      "properties": {
        "UP": "T6DB",
        "FAZENDA": "SANTA EMÍLIA",
        "AREA_HA": 329.464585,
        "NUCLEO": "MS6"
      }
    },
    {
      "type": "Feature",
      "geometry": {
        "type": "Point",
        "coordinates": [
          -51.775638,
          -20.770303
        ]
      },
      "properties": {
        "UP": "T6DC",
        "FAZENDA": "VÔ JAMIL",
        "AREA_HA": 824.538855,
        "NUCLEO": "MS6"
      }
    },
    {
      "type": "Feature",
      "geometry": {
        "type": "Point",
        "coordinates": [
          -52.431282,
          -20.746778
        ]
      },
      "properties": {
        "UP": "T6DD",
        "FAZENDA": "BONANÇA",
        "AREA_HA": 937.937892,
        "NUCLEO": "MS6"
      }
    },
    {
      "type": "Feature",
      "geometry": {
        "type": "Point",
        "coordinates": [
          -52.566568,
          -20.695505
        ]
      },
      "properties": {
        "UP": "T6DE",
        "FAZENDA": "VERTENTE II",
        "AREA_HA": 388.061639,
        "NUCLEO": "MS6"
      }
    },
    {
      "type": "Feature",
      "geometry": {
        "type": "Point",
        "coordinates": [
          -51.970777,
          -20.795683
        ]
      },
      "properties": {
        "UP": "T6DF",
        "FAZENDA": "CAR1006",
        "AREA_HA": 258.462595,
        "NUCLEO": "MS6"
      }
    },
    {
      "type": "Feature",
      "geometry": {
        "type": "Point",
        "coordinates": [
          -52.278132,
          -20.681154
        ]
      },
      "properties": {
        "UP": "T6DG",
        "FAZENDA": "GAIOTTO II",
        "AREA_HA": 90.906062,
        "NUCLEO": "MS6"
      }
    },
    {
      "type": "Feature",
      "geometry": {
        "type": "Point",
        "coordinates": [
          -52.070572,
          -20.664005
        ]
      },
      "properties": {
        "UP": "T6DH",
        "FAZENDA": "MANÁ E MANÁ II",
        "AREA_HA": 194.664914,
        "NUCLEO": "MS6"
      }
    },
    {
      "type": "Feature",
      "geometry": {
        "type": "Point",
        "coordinates": [
          -52.515287,
          -20.752815
        ]
      },
      "properties": {
        "UP": "T6DI",
        "FAZENDA": "ÁGUA LIMPA BONANÇA",
        "AREA_HA": 168.712513,
        "NUCLEO": "MS6"
      }
    },
    {
      "type": "Feature",
      "geometry": {
        "type": "Point",
        "coordinates": [
          -52.093949,
          -20.716532
        ]
      },
      "properties": {
        "UP": "T6DJ",
        "FAZENDA": "CAR855 (FAZENDA SANTA FÉ)",
        "AREA_HA": 59.973095,
        "NUCLEO": "MS6"
      }
    },
    {
      "type": "Feature",
      "geometry": {
        "type": "Point",
        "coordinates": [
          -52.093927,
          -20.720976
        ]
      },
      "properties": {
        "UP": "T6DK",
        "FAZENDA": "FAZENDA SÃO FRANCISCO",
        "AREA_HA": 72.821603,
        "NUCLEO": "MS6"
      }
    },
    {
      "type": "Feature",
      "geometry": {
        "type": "Point",
        "coordinates": [
          -52.086758,
          -20.697636
        ]
      },
      "properties": {
        "UP": "T6DL",
        "FAZENDA": "STO ANTONIO I E II E STA BARBARA",
        "AREA_HA": 278.930465,
        "NUCLEO": "MS6"
      }
    },
    {
      "type": "Feature",
      "geometry": {
        "type": "Point",
        "coordinates": [
          -52.017722,
          -20.499882
        ]
      },
      "properties": {
        "UP": "T6DM",
        "FAZENDA": "TIPTOE",
        "AREA_HA": 1084.15342,
        "NUCLEO": "MS6"
      }
    },
    {
      "type": "Feature",
      "geometry": {
        "type": "Point",
        "coordinates": [
          -51.913901,
          -20.692614
        ]
      },
      "properties": {
        "UP": "T6DN",
        "FAZENDA": "PARAISO II",
        "AREA_HA": 184.108556,
        "NUCLEO": "MS6"
      }
    },
    {
      "type": "Feature",
      "geometry": {
        "type": "Point",
        "coordinates": [
          -52.909342,
          -20.359814
        ]
      },
      "properties": {
        "UP": "T7AJ",
        "FAZENDA": "ESTÂNCIA PAULÃO",
        "AREA_HA": 241.42264,
        "NUCLEO": "MS7"
      }
    },
    {
      "type": "Feature",
      "geometry": {
        "type": "Point",
        "coordinates": [
          -52.957052,
          -20.31017
        ]
      },
      "properties": {
        "UP": "T7AK",
        "FAZENDA": "SOLON",
        "AREA_HA": 710.277181,
        "NUCLEO": "MS7"
      }
    },
    {
      "type": "Feature",
      "geometry": {
        "type": "Point",
        "coordinates": [
          -52.937617,
          -20.296787
        ]
      },
      "properties": {
        "UP": "T7AL",
        "FAZENDA": "SANTA MARINA II",
        "AREA_HA": 587.155989,
        "NUCLEO": "MS7"
      }
    },
    {
      "type": "Feature",
      "geometry": {
        "type": "Point",
        "coordinates": [
          -52.98922,
          -20.274328
        ]
      },
      "properties": {
        "UP": "T7AM",
        "FAZENDA": "SANTA TEREZINHA III",
        "AREA_HA": 1123.344397,
        "NUCLEO": "MS7"
      }
    },
    {
      "type": "Feature",
      "geometry": {
        "type": "Point",
        "coordinates": [
          -52.541808,
          -20.815264
        ]
      },
      "properties": {
        "UP": "T8A0",
        "FAZENDA": "CAPELA II  (F-H177 )",
        "AREA_HA": 1894.527519,
        "NUCLEO": "MS8"
      }
    },
    {
      "type": "Feature",
      "geometry": {
        "type": "Point",
        "coordinates": [
          -52.571,
          -20.812331
        ]
      },
      "properties": {
        "UP": "T8A1",
        "FAZENDA": "NOSSA SENHORA APARECIDA V  (F-H234 )",
        "AREA_HA": 241.298283,
        "NUCLEO": "MS8"
      }
    },
    {
      "type": "Feature",
      "geometry": {
        "type": "Point",
        "coordinates": [
          -52.624114,
          -20.800399
        ]
      },
      "properties": {
        "UP": "T8A2",
        "FAZENDA": "SAO PEDRO  (F-H261 )",
        "AREA_HA": 429.617515,
        "NUCLEO": "MS8"
      }
    },
    {
      "type": "Feature",
      "geometry": {
        "type": "Point",
        "coordinates": [
          -52.61186,
          -20.79787
        ]
      },
      "properties": {
        "UP": "T8A3",
        "FAZENDA": "SAO LUIZ IV  (F-H257 )",
        "AREA_HA": 409.342191,
        "NUCLEO": "MS8"
      }
    },
    {
      "type": "Feature",
      "geometry": {
        "type": "Point",
        "coordinates": [
          -52.652079,
          -20.78783
        ]
      },
      "properties": {
        "UP": "T8A4",
        "FAZENDA": "SÃO JOSÉ IV  (F-H250 )",
        "AREA_HA": 1653.546369,
        "NUCLEO": "MS8"
      }
    },
    {
      "type": "Feature",
      "geometry": {
        "type": "Point",
        "coordinates": [
          -52.616897,
          -21.196764
        ]
      },
      "properties": {
        "UP": "T8AA",
        "FAZENDA": "SANTO ANTONIO IV  (F-H267 )",
        "AREA_HA": 2319.792075,
        "NUCLEO": "MS8"
      }
    },
    {
      "type": "Feature",
      "geometry": {
        "type": "Point",
        "coordinates": [
          -52.520295,
          -21.201274
        ]
      },
      "properties": {
        "UP": "T8AB",
        "FAZENDA": "VISTA ALEGRE II  (F-H299 )",
        "AREA_HA": 5956.957076,
        "NUCLEO": "MS8"
      }
    },
    {
      "type": "Feature",
      "geometry": {
        "type": "Point",
        "coordinates": [
          -52.376151,
          -21.143461
        ]
      },
      "properties": {
        "UP": "T8AC",
        "FAZENDA": "SÃO VICENTE II  (F-H256 )",
        "AREA_HA": 688.148326,
        "NUCLEO": "MS8"
      }
    },
    {
      "type": "Feature",
      "geometry": {
        "type": "Point",
        "coordinates": [
          -52.390439,
          -21.140101
        ]
      },
      "properties": {
        "UP": "T8AD",
        "FAZENDA": "SANTO ANTONIO III  (F-H214 )",
        "AREA_HA": 598.783196,
        "NUCLEO": "MS8"
      }
    },
    {
      "type": "Feature",
      "geometry": {
        "type": "Point",
        "coordinates": [
          -52.217568,
          -21.126045
        ]
      },
      "properties": {
        "UP": "T8AE",
        "FAZENDA": "GUARA-SUIA  (F-H014 )",
        "AREA_HA": 4257.141019,
        "NUCLEO": "MS8"
      }
    },
    {
      "type": "Feature",
      "geometry": {
        "type": "Point",
        "coordinates": [
          -52.353698,
          -21.114998
        ]
      },
      "properties": {
        "UP": "T8AF",
        "FAZENDA": "BARRA MANSA  (F-H248 )",
        "AREA_HA": 371.96615,
        "NUCLEO": "MS8"
      }
    },
    {
      "type": "Feature",
      "geometry": {
        "type": "Point",
        "coordinates": [
          -52.294968,
          -21.107607
        ]
      },
      "properties": {
        "UP": "T8AG",
        "FAZENDA": "QUATRO IRMÃOS  (F-H096 )",
        "AREA_HA": 2419.868544,
        "NUCLEO": "MS8"
      }
    },
    {
      "type": "Feature",
      "geometry": {
        "type": "Point",
        "coordinates": [
          -52.519848,
          -21.099697
        ]
      },
      "properties": {
        "UP": "T8AH",
        "FAZENDA": "AROEIRA  (F-H258 )",
        "AREA_HA": 3458.168858,
        "NUCLEO": "MS8"
      }
    },
    {
      "type": "Feature",
      "geometry": {
        "type": "Point",
        "coordinates": [
          -52.217786,
          -21.082459
        ]
      },
      "properties": {
        "UP": "T8AI",
        "FAZENDA": "TERERE  (F-H262 )",
        "AREA_HA": 2249.704994,
        "NUCLEO": "MS8"
      }
    },
    {
      "type": "Feature",
      "geometry": {
        "type": "Point",
        "coordinates": [
          -52.210716,
          -21.014413
        ]
      },
      "properties": {
        "UP": "T8AJ",
        "FAZENDA": "BRASILEIRA  (F-H013 )",
        "AREA_HA": 12125.60183,
        "NUCLEO": "MS8"
      }
    },
    {
      "type": "Feature",
      "geometry": {
        "type": "Point",
        "coordinates": [
          -52.317756,
          -21.026739
        ]
      },
      "properties": {
        "UP": "T8AL",
        "FAZENDA": "VALE DO GERIVÁ  (F-H103 )",
        "AREA_HA": 2114.296277,
        "NUCLEO": "MS8"
      }
    },
    {
      "type": "Feature",
      "geometry": {
        "type": "Point",
        "coordinates": [
          -52.37966,
          -21.026162
        ]
      },
      "properties": {
        "UP": "T8AM",
        "FAZENDA": "DUAS MARIAS  (F-H101 )",
        "AREA_HA": 17853.53187,
        "NUCLEO": "MS8"
      }
    },
    {
      "type": "Feature",
      "geometry": {
        "type": "Point",
        "coordinates": [
          -52.464621,
          -21.023302
        ]
      },
      "properties": {
        "UP": "T8AP",
        "FAZENDA": "GAMELEIRA  (F-H209 )",
        "AREA_HA": 1214.561799,
        "NUCLEO": "MS8"
      }
    },
    {
      "type": "Feature",
      "geometry": {
        "type": "Point",
        "coordinates": [
          -52.29538,
          -20.998778
        ]
      },
      "properties": {
        "UP": "T8AQ",
        "FAZENDA": "BOM JESUS  (F-H120 )",
        "AREA_HA": 1415.413728,
        "NUCLEO": "MS8"
      }
    },
    {
      "type": "Feature",
      "geometry": {
        "type": "Point",
        "coordinates": [
          -52.280053,
          -20.980002
        ]
      },
      "properties": {
        "UP": "T8AR",
        "FAZENDA": "PARAISO  (F-H104 )",
        "AREA_HA": 1180.274393,
        "NUCLEO": "MS8"
      }
    },
    {
      "type": "Feature",
      "geometry": {
        "type": "Point",
        "coordinates": [
          -52.316352,
          -20.968728
        ]
      },
      "properties": {
        "UP": "T8AS",
        "FAZENDA": "CRISTO REDENTOR  (F-H188 )",
        "AREA_HA": 1089.818035,
        "NUCLEO": "MS8"
      }
    },
    {
      "type": "Feature",
      "geometry": {
        "type": "Point",
        "coordinates": [
          -52.445245,
          -20.898305
        ]
      },
      "properties": {
        "UP": "T8AT",
        "FAZENDA": "RIO VERDE B  (F-H07B )",
        "AREA_HA": 17628.03245,
        "NUCLEO": "MS8"
      }
    },
    {
      "type": "Feature",
      "geometry": {
        "type": "Point",
        "coordinates": [
          -52.576271,
          -20.857502
        ]
      },
      "properties": {
        "UP": "T8AW",
        "FAZENDA": "CAROLINA  (F-H213 )",
        "AREA_HA": 1506.133886,
        "NUCLEO": "MS8"
      }
    },
    {
      "type": "Feature",
      "geometry": {
        "type": "Point",
        "coordinates": [
          -52.52567,
          -20.849724
        ]
      },
      "properties": {
        "UP": "T8AX",
        "FAZENDA": "CAPELA  (F-H176 )",
        "AREA_HA": 1020.91785,
        "NUCLEO": "MS8"
      }
    },
    {
      "type": "Feature",
      "geometry": {
        "type": "Point",
        "coordinates": [
          -52.575528,
          -20.830367
        ]
      },
      "properties": {
        "UP": "T8AY",
        "FAZENDA": "CAPELA V  (F-H219 )",
        "AREA_HA": 695.762105,
        "NUCLEO": "MS8"
      }
    },
    {
      "type": "Feature",
      "geometry": {
        "type": "Point",
        "coordinates": [
          -52.511037,
          -20.821059
        ]
      },
      "properties": {
        "UP": "T8AZ",
        "FAZENDA": "CAPELA IV  (F-H178 )",
        "AREA_HA": 970.591336,
        "NUCLEO": "MS8"
      }
    },
    {
      "type": "Feature",
      "geometry": {
        "type": "Point",
        "coordinates": [
          -52.556403,
          -20.940463
        ]
      },
      "properties": {
        "UP": "T8B0",
        "FAZENDA": "BARREIRO 02",
        "AREA_HA": 944.895152,
        "NUCLEO": "MS8"
      }
    },
    {
      "type": "Feature",
      "geometry": {
        "type": "Point",
        "coordinates": [
          -52.359374,
          -20.926527
        ]
      },
      "properties": {
        "UP": "T8BA",
        "FAZENDA": "SÃO JOSÉ",
        "AREA_HA": 181.005369,
        "NUCLEO": "MS8"
      }
    },
    {
      "type": "Feature",
      "geometry": {
        "type": "Point",
        "coordinates": [
          -52.31287,
          -21.189718
        ]
      },
      "properties": {
        "UP": "T8BB",
        "FAZENDA": "JATIUCA",
        "AREA_HA": 3941.331287,
        "NUCLEO": "MS8"
      }
    },
    {
      "type": "Feature",
      "geometry": {
        "type": "Point",
        "coordinates": [
          -52.443236,
          -21.17071
        ]
      },
      "properties": {
        "UP": "T8BC",
        "FAZENDA": "VALE DOURADO II",
        "AREA_HA": 854.855517,
        "NUCLEO": "MS8"
      }
    },
    {
      "type": "Feature",
      "geometry": {
        "type": "Point",
        "coordinates": [
          -52.566442,
          -20.903738
        ]
      },
      "properties": {
        "UP": "T8BD",
        "FAZENDA": "PECUÁRIA FRD",
        "AREA_HA": 914.783237,
        "NUCLEO": "MS8"
      }
    },
    {
      "type": "Feature",
      "geometry": {
        "type": "Point",
        "coordinates": [
          -52.590077,
          -20.941994
        ]
      },
      "properties": {
        "UP": "T8BE",
        "FAZENDA": "PALOMA",
        "AREA_HA": 272.244145,
        "NUCLEO": "MS8"
      }
    },
    {
      "type": "Feature",
      "geometry": {
        "type": "Point",
        "coordinates": [
          -52.653486,
          -20.875592
        ]
      },
      "properties": {
        "UP": "T8BF",
        "FAZENDA": "PANTERA",
        "AREA_HA": 1394.141729,
        "NUCLEO": "MS8"
      }
    },
    {
      "type": "Feature",
      "geometry": {
        "type": "Point",
        "coordinates": [
          -52.577654,
          -20.935798
        ]
      },
      "properties": {
        "UP": "T8BG",
        "FAZENDA": "SAVANA",
        "AREA_HA": 548.271947,
        "NUCLEO": "MS8"
      }
    },
    {
      "type": "Feature",
      "geometry": {
        "type": "Point",
        "coordinates": [
          -52.576762,
          -20.78587
        ]
      },
      "properties": {
        "UP": "T8BH",
        "FAZENDA": "JUNIOR E SANTA MARIA",
        "AREA_HA": 2085.698996,
        "NUCLEO": "MS8"
      }
    },
    {
      "type": "Feature",
      "geometry": {
        "type": "Point",
        "coordinates": [
          -52.521944,
          -20.963321
        ]
      },
      "properties": {
        "UP": "T8BI",
        "FAZENDA": "TROPICAL",
        "AREA_HA": 3324.163905,
        "NUCLEO": "MS8"
      }
    },
    {
      "type": "Feature",
      "geometry": {
        "type": "Point",
        "coordinates": [
          -52.695537,
          -20.728615
        ]
      },
      "properties": {
        "UP": "T8BJ",
        "FAZENDA": "CARACCOL II",
        "AREA_HA": 978.023081,
        "NUCLEO": "MS8"
      }
    },
    {
      "type": "Feature",
      "geometry": {
        "type": "Point",
        "coordinates": [
          -52.462356,
          -21.044902
        ]
      },
      "properties": {
        "UP": "T8BK",
        "FAZENDA": "SPUMAR",
        "AREA_HA": 367.413361,
        "NUCLEO": "MS8"
      }
    },
    {
      "type": "Feature",
      "geometry": {
        "type": "Point",
        "coordinates": [
          -52.672178,
          -20.717174
        ]
      },
      "properties": {
        "UP": "T8BL",
        "FAZENDA": "SANTA EDWIRGES",
        "AREA_HA": 861.370299,
        "NUCLEO": "MS8"
      }
    },
    {
      "type": "Feature",
      "geometry": {
        "type": "Point",
        "coordinates": [
          -52.848971,
          -20.806484
        ]
      },
      "properties": {
        "UP": "T8BM",
        "FAZENDA": "PASSO FUNDO",
        "AREA_HA": 927.141503,
        "NUCLEO": "MS8"
      }
    },
    {
      "type": "Feature",
      "geometry": {
        "type": "Point",
        "coordinates": [
          -52.689865,
          -20.990485
        ]
      },
      "properties": {
        "UP": "T8BN",
        "FAZENDA": "IMPERATRIZ",
        "AREA_HA": 549.650736,
        "NUCLEO": "MS8"
      }
    },
    {
      "type": "Feature",
      "geometry": {
        "type": "Point",
        "coordinates": [
          -52.655106,
          -20.739087
        ]
      },
      "properties": {
        "UP": "T8BO",
        "FAZENDA": "NOVO MUNDO II",
        "AREA_HA": 331.361335,
        "NUCLEO": "MS8"
      }
    },
    {
      "type": "Feature",
      "geometry": {
        "type": "Point",
        "coordinates": [
          -52.682881,
          -20.749547
        ]
      },
      "properties": {
        "UP": "T8BP",
        "FAZENDA": "YPÊ",
        "AREA_HA": 655.878358,
        "NUCLEO": "MS8"
      }
    },
    {
      "type": "Feature",
      "geometry": {
        "type": "Point",
        "coordinates": [
          -52.657476,
          -20.765993
        ]
      },
      "properties": {
        "UP": "T8BQ",
        "FAZENDA": "YPÊ II",
        "AREA_HA": 129.323061,
        "NUCLEO": "MS8"
      }
    },
    {
      "type": "Feature",
      "geometry": {
        "type": "Point",
        "coordinates": [
          -52.63969,
          -20.738646
        ]
      },
      "properties": {
        "UP": "T8BR",
        "FAZENDA": "SÃO JOÃO VI",
        "AREA_HA": 320.699551,
        "NUCLEO": "MS8"
      }
    },
    {
      "type": "Feature",
      "geometry": {
        "type": "Point",
        "coordinates": [
          -52.595196,
          -20.8262
        ]
      },
      "properties": {
        "UP": "T8BS",
        "FAZENDA": "PONTAL II",
        "AREA_HA": 1068.764258,
        "NUCLEO": "MS8"
      }
    },
    {
      "type": "Feature",
      "geometry": {
        "type": "Point",
        "coordinates": [
          -52.687789,
          -20.863639
        ]
      },
      "properties": {
        "UP": "T8BT",
        "FAZENDA": "AQUARIUS",
        "AREA_HA": 500.798859,
        "NUCLEO": "MS8"
      }
    },
    {
      "type": "Feature",
      "geometry": {
        "type": "Point",
        "coordinates": [
          -52.691593,
          -20.758588
        ]
      },
      "properties": {
        "UP": "T8BU",
        "FAZENDA": "CEREJEIRAS",
        "AREA_HA": 653.179502,
        "NUCLEO": "MS8"
      }
    },
    {
      "type": "Feature",
      "geometry": {
        "type": "Point",
        "coordinates": [
          -52.825783,
          -20.784534
        ]
      },
      "properties": {
        "UP": "T8BV",
        "FAZENDA": "CONQUISTA III",
        "AREA_HA": 734.270481,
        "NUCLEO": "MS8"
      }
    },
    {
      "type": "Feature",
      "geometry": {
        "type": "Point",
        "coordinates": [
          -52.870085,
          -20.747103
        ]
      },
      "properties": {
        "UP": "T8BW",
        "FAZENDA": "PONTAL DO BARREIRINHO",
        "AREA_HA": 599.291543,
        "NUCLEO": "MS8"
      }
    },
    {
      "type": "Feature",
      "geometry": {
        "type": "Point",
        "coordinates": [
          -52.934891,
          -20.78876
        ]
      },
      "properties": {
        "UP": "T8BX",
        "FAZENDA": "LÍRIO DO VALE",
        "AREA_HA": 4769.201348,
        "NUCLEO": "MS8"
      }
    },
    {
      "type": "Feature",
      "geometry": {
        "type": "Point",
        "coordinates": [
          -52.597846,
          -20.762058
        ]
      },
      "properties": {
        "UP": "T8BY",
        "FAZENDA": "NOSSA SENHORA APARECIDA",
        "AREA_HA": 608.326306,
        "NUCLEO": "MS8"
      }
    },
    {
      "type": "Feature",
      "geometry": {
        "type": "Point",
        "coordinates": [
          -52.601433,
          -20.996651
        ]
      },
      "properties": {
        "UP": "T8BZ",
        "FAZENDA": "FAZENDA NOVA BARREIRO",
        "AREA_HA": 209.116087,
        "NUCLEO": "MS8"
      }
    }
  ]
}